Country Name,Country Code,Series Name,Series Code,2020 [YR2020]
Afghanistan,AFG,Gini index,SI.POV.GINI,..
Afghanistan,AFG,"Unemployment, total (% of total labor force) (modeled ILO estimate)",SL.UEM.TOTL.ZS,11.71
Afghanistan,AFG,GDP per capita (current US$),NY.GDP.PCAP.CD,510.7870634
Afghanistan,AFG,"Life expectancy at birth, total (years)",SP.DYN.LE00.IN,61.454
Afghanistan,AFG,"School enrollment, tertiary (% gross)",SE.TER.ENRR,10.85435963
Albania,ALB,Gini index,SI.POV.GINI,29.4
Albania,ALB,"Unemployment, total (% of total labor force) (modeled ILO estimate)",SL.UEM.TOTL.ZS,11.639
Albania,ALB,GDP per capita (current US$),NY.GDP.PCAP.CD,6027.913507
Albania,ALB,"Life expectancy at birth, total (years)",SP.DYN.LE00.IN,77.824
Albania,ALB,"School enrollment, tertiary (% gross)",SE.TER.ENRR,61.58530243
Algeria,DZA,Gini index,SI.POV.GINI,..
Algeria,DZA,"Unemployment, total (% of total labor force) (modeled ILO estimate)",SL.UEM.TOTL.ZS,14.08
Algeria,DZA,GDP per capita (current US$),NY.GDP.PCAP.CD,3743.541952
Algeria,DZA,"Life expectancy at birth, total (years)",SP.DYN.LE00.IN,73.257
Algeria,DZA,"School enrollment, tertiary (% gross)",SE.TER.ENRR,53.37521922
American Samoa,ASM,Gini index,SI.POV.GINI,..
American Samoa,ASM,"Unemployment, total (% of total labor force) (modeled ILO estimate)",SL.UEM.TOTL.ZS,..
American Samoa,ASM,GDP per capita (current US$),NY.GDP.PCAP.CD,14489.25866
American Samoa,ASM,"Life expectancy at birth, total (years)",SP.DYN.LE00.IN,72.672
American Samoa,ASM,"School enrollment, tertiary (% gross)",SE.TER.ENRR,..
Andorra,AND,Gini index,SI.POV.GINI,..
Andorra,AND,"Unemployment, total (% of total labor force) (modeled ILO estimate)",SL.UEM.TOTL.ZS,..
Andorra,AND,GDP per capita (current US$),NY.GDP.PCAP.CD,37361.10701
Andorra,AND,"Life expectancy at birth, total (years)",SP.DYN.LE00.IN,79.418
Andorra,AND,"School enrollment, tertiary (% gross)",SE.TER.ENRR,15.2605749
Angola,AGO,Gini index,SI.POV.GINI,..
Angola,AGO,"Unemployment, total (% of total labor force) (modeled ILO estimate)",SL.UEM.TOTL.ZS,16.696
Angola,AGO,GDP per capita (current US$),NY.GDP.PCAP.CD,1759.356199
Angola,AGO,"Life expectancy at birth, total (years)",SP.DYN.LE00.IN,63.116
Angola,AGO,"School enrollment, tertiary (% gross)",SE.TER.ENRR,..
Antigua and Barbuda,ATG,Gini index,SI.POV.GINI,..
Antigua and Barbuda,ATG,"Unemployment, total (% of total labor force) (modeled ILO estimate)",SL.UEM.TOTL.ZS,..
Antigua and Barbuda,ATG,GDP per capita (current US$),NY.GDP.PCAP.CD,15369.60823
Antigua and Barbuda,ATG,"Life expectancy at birth, total (years)",SP.DYN.LE00.IN,77.161
Antigua and Barbuda,ATG,"School enrollment, tertiary (% gross)",SE.TER.ENRR,..
Argentina,ARG,Gini index,SI.POV.GINI,42.7
Argentina,ARG,"Unemployment, total (% of total labor force) (modeled ILO estimate)",SL.UEM.TOTL.ZS,11.461
Argentina,ARG,GDP per capita (current US$),NY.GDP.PCAP.CD,8535.59938
Argentina,ARG,"Life expectancy at birth, total (years)",SP.DYN.LE00.IN,75.878
Argentina,ARG,"School enrollment, tertiary (% gross)",SE.TER.ENRR,99.36973487
Armenia,ARM,Gini index,SI.POV.GINI,25.1
Armenia,ARM,"Unemployment, total (% of total labor force) (modeled ILO estimate)",SL.UEM.TOTL.ZS,18.175
Armenia,ARM,GDP per capita (current US$),NY.GDP.PCAP.CD,4268.680933
Armenia,ARM,"Life expectancy at birth, total (years)",SP.DYN.LE00.IN,73.37560976
Armenia,ARM,"School enrollment, tertiary (% gross)",SE.TER.ENRR,52.33315344
Aruba,ABW,Gini index,SI.POV.GINI,..
Aruba,ABW,"Unemployment, total (% of total labor force) (modeled ILO estimate)",SL.UEM.TOTL.ZS,..
Aruba,ABW,GDP per capita (current US$),NY.GDP.PCAP.CD,22759.80718
Aruba,ABW,"Life expectancy at birth, total (years)",SP.DYN.LE00.IN,75.406
Aruba,ABW,"School enrollment, tertiary (% gross)",SE.TER.ENRR,..
Australia,AUS,Gini index,SI.POV.GINI,33.8
Australia,AUS,"Unemployment, total (% of total labor force) (modeled ILO estimate)",SL.UEM.TOTL.ZS,6.394
Australia,AUS,GDP per capita (current US$),NY.GDP.PCAP.CD,51983.45237
Australia,AUS,"Life expectancy at birth, total (years)",SP.DYN.LE00.IN,83.2
Australia,AUS,"School enrollment, tertiary (% gross)",SE.TER.ENRR,110.1392212
Austria,AUT,Gini index,SI.POV.GINI,29.8
Austria,AUT,"Unemployment, total (% of total labor force) (modeled ILO estimate)",SL.UEM.TOTL.ZS,5.201
Austria,AUT,GDP per capita (current US$),NY.GDP.PCAP.CD,48716.40989
Austria,AUT,"Life expectancy at birth, total (years)",SP.DYN.LE00.IN,81.19268293
Austria,AUT,"School enrollment, tertiary (% gross)",SE.TER.ENRR,88.7071991
Azerbaijan,AZE,Gini index,SI.POV.GINI,..
Azerbaijan,AZE,"Unemployment, total (% of total labor force) (modeled ILO estimate)",SL.UEM.TOTL.ZS,7.24
Azerbaijan,AZE,GDP per capita (current US$),NY.GDP.PCAP.CD,4229.910649
Azerbaijan,AZE,"Life expectancy at birth, total (years)",SP.DYN.LE00.IN,70.312
Azerbaijan,AZE,"School enrollment, tertiary (% gross)",SE.TER.ENRR,36.38547423
"Bahamas, The",BHS,Gini index,SI.POV.GINI,..
"Bahamas, The",BHS,"Unemployment, total (% of total labor force) (modeled ILO estimate)",SL.UEM.TOTL.ZS,12.016
"Bahamas, The",BHS,GDP per capita (current US$),NY.GDP.PCAP.CD,26178.75376
"Bahamas, The",BHS,"Life expectancy at birth, total (years)",SP.DYN.LE00.IN,72.994
"Bahamas, The",BHS,"School enrollment, tertiary (% gross)",SE.TER.ENRR,..
Bahrain,BHR,Gini index,SI.POV.GINI,..
Bahrain,BHR,"Unemployment, total (% of total labor force) (modeled ILO estimate)",SL.UEM.TOTL.ZS,1.765
Bahrain,BHR,GDP per capita (current US$),NY.GDP.PCAP.CD,24342.84446
Bahrain,BHR,"Life expectancy at birth, total (years)",SP.DYN.LE00.IN,78.683
Bahrain,BHR,"School enrollment, tertiary (% gross)",SE.TER.ENRR,54.40779224
Bangladesh,BGD,Gini index,SI.POV.GINI,..
Bangladesh,BGD,"Unemployment, total (% of total labor force) (modeled ILO estimate)",SL.UEM.TOTL.ZS,5.539
Bangladesh,BGD,GDP per capita (current US$),NY.GDP.PCAP.CD,2248.850788
Bangladesh,BGD,"Life expectancy at birth, total (years)",SP.DYN.LE00.IN,71.421
Bangladesh,BGD,"School enrollment, tertiary (% gross)",SE.TER.ENRR,22.69230196
Barbados,BRB,Gini index,SI.POV.GINI,..
Barbados,BRB,"Unemployment, total (% of total labor force) (modeled ILO estimate)",SL.UEM.TOTL.ZS,10.586
Barbados,BRB,GDP per capita (current US$),NY.GDP.PCAP.CD,19194.49197
Barbados,BRB,"Life expectancy at birth, total (years)",SP.DYN.LE00.IN,76.647
Barbados,BRB,"School enrollment, tertiary (% gross)",SE.TER.ENRR,52.97163083
Belarus,BLR,Gini index,SI.POV.GINI,24.4
Belarus,BLR,"Unemployment, total (% of total labor force) (modeled ILO estimate)",SL.UEM.TOTL.ZS,4.049
Belarus,BLR,GDP per capita (current US$),NY.GDP.PCAP.CD,6542.8558
Belarus,BLR,"Life expectancy at birth, total (years)",SP.DYN.LE00.IN,72.13856098
Belarus,BLR,"School enrollment, tertiary (% gross)",SE.TER.ENRR,79.90016004
Belgium,BEL,Gini index,SI.POV.GINI,26
Belgium,BEL,"Unemployment, total (% of total labor force) (modeled ILO estimate)",SL.UEM.TOTL.ZS,5.545
Belgium,BEL,GDP per capita (current US$),NY.GDP.PCAP.CD,45906.28758
Belgium,BEL,"Life expectancy at birth, total (years)",SP.DYN.LE00.IN,80.69512195
Belgium,BEL,"School enrollment, tertiary (% gross)",SE.TER.ENRR,79.49960327
Belize,BLZ,Gini index,SI.POV.GINI,..
Belize,BLZ,"Unemployment, total (% of total labor force) (modeled ILO estimate)",SL.UEM.TOTL.ZS,10.763
Belize,BLZ,GDP per capita (current US$),NY.GDP.PCAP.CD,5238.540782
Belize,BLZ,"Life expectancy at birth, total (years)",SP.DYN.LE00.IN,71.58
Belize,BLZ,"School enrollment, tertiary (% gross)",SE.TER.ENRR,25.94216941
Benin,BEN,Gini index,SI.POV.GINI,..
Benin,BEN,"Unemployment, total (% of total labor force) (modeled ILO estimate)",SL.UEM.TOTL.ZS,1.518
Benin,BEN,GDP per capita (current US$),NY.GDP.PCAP.CD,1200.194266
Benin,BEN,"Life expectancy at birth, total (years)",SP.DYN.LE00.IN,60.154
Benin,BEN,"School enrollment, tertiary (% gross)",SE.TER.ENRR,10.38080025
Bermuda,BMU,Gini index,SI.POV.GINI,..
Bermuda,BMU,"Unemployment, total (% of total labor force) (modeled ILO estimate)",SL.UEM.TOTL.ZS,..
Bermuda,BMU,GDP per capita (current US$),NY.GDP.PCAP.CD,106976.5462
Bermuda,BMU,"Life expectancy at birth, total (years)",SP.DYN.LE00.IN,81.456
Bermuda,BMU,"School enrollment, tertiary (% gross)",SE.TER.ENRR,..
Bhutan,BTN,Gini index,SI.POV.GINI,..
Bhutan,BTN,"Unemployment, total (% of total labor force) (modeled ILO estimate)",SL.UEM.TOTL.ZS,5.03
Bhutan,BTN,GDP per capita (current US$),NY.GDP.PCAP.CD,3191.66907
Bhutan,BTN,"Life expectancy at birth, total (years)",SP.DYN.LE00.IN,72.253
Bhutan,BTN,"School enrollment, tertiary (% gross)",SE.TER.ENRR,16.86507403
Bolivia,BOL,Gini index,SI.POV.GINI,43.6
Bolivia,BOL,"Unemployment, total (% of total labor force) (modeled ILO estimate)",SL.UEM.TOTL.ZS,7.903
Bolivia,BOL,GDP per capita (current US$),NY.GDP.PCAP.CD,3580.967618
Bolivia,BOL,"Life expectancy at birth, total (years)",SP.DYN.LE00.IN,62.906
Bolivia,BOL,"School enrollment, tertiary (% gross)",SE.TER.ENRR,..
Bosnia and Herzegovina,BIH,Gini index,SI.POV.GINI,..
Bosnia and Herzegovina,BIH,"Unemployment, total (% of total labor force) (modeled ILO estimate)",SL.UEM.TOTL.ZS,15.868
Bosnia and Herzegovina,BIH,GDP per capita (current US$),NY.GDP.PCAP.CD,6130.31188
Bosnia and Herzegovina,BIH,"Life expectancy at birth, total (years)",SP.DYN.LE00.IN,76.04
Bosnia and Herzegovina,BIH,"School enrollment, tertiary (% gross)",SE.TER.ENRR,43.80392075
Botswana,BWA,Gini index,SI.POV.GINI,..
Botswana,BWA,"Unemployment, total (% of total labor force) (modeled ILO estimate)",SL.UEM.TOTL.ZS,21.017
Botswana,BWA,GDP per capita (current US$),NY.GDP.PCAP.CD,6323.297497
Botswana,BWA,"Life expectancy at birth, total (years)",SP.DYN.LE00.IN,67.643
Botswana,BWA,"School enrollment, tertiary (% gross)",SE.TER.ENRR,22.40178705
Brazil,BRA,Gini index,SI.POV.GINI,48.9
Brazil,BRA,"Unemployment, total (% of total labor force) (modeled ILO estimate)",SL.UEM.TOTL.ZS,13.697
Brazil,BRA,GDP per capita (current US$),NY.GDP.PCAP.CD,7074.194075
Brazil,BRA,"Life expectancy at birth, total (years)",SP.DYN.LE00.IN,74.506
Brazil,BRA,"School enrollment, tertiary (% gross)",SE.TER.ENRR,54.57281113
British Virgin Islands,VGB,Gini index,SI.POV.GINI,..
British Virgin Islands,VGB,"Unemployment, total (% of total labor force) (modeled ILO estimate)",SL.UEM.TOTL.ZS,..
British Virgin Islands,VGB,GDP per capita (current US$),NY.GDP.PCAP.CD,..
British Virgin Islands,VGB,"Life expectancy at birth, total (years)",SP.DYN.LE00.IN,76.894
British Virgin Islands,VGB,"School enrollment, tertiary (% gross)",SE.TER.ENRR,30.47576302
Brunei Darussalam,BRN,Gini index,SI.POV.GINI,..
Brunei Darussalam,BRN,"Unemployment, total (% of total labor force) (modeled ILO estimate)",SL.UEM.TOTL.ZS,7.409
Brunei Darussalam,BRN,GDP per capita (current US$),NY.GDP.PCAP.CD,26834.35922
Brunei Darussalam,BRN,"Life expectancy at birth, total (years)",SP.DYN.LE00.IN,75.114
Brunei Darussalam,BRN,"School enrollment, tertiary (% gross)",SE.TER.ENRR,29.19611931
Bulgaria,BGR,Gini index,SI.POV.GINI,40.5
Bulgaria,BGR,"Unemployment, total (% of total labor force) (modeled ILO estimate)",SL.UEM.TOTL.ZS,5.037
Bulgaria,BGR,GDP per capita (current US$),NY.GDP.PCAP.CD,10760.21198
Bulgaria,BGR,"Life expectancy at birth, total (years)",SP.DYN.LE00.IN,73.35609756
Bulgaria,BGR,"School enrollment, tertiary (% gross)",SE.TER.ENRR,85.53311157
Burkina Faso,BFA,Gini index,SI.POV.GINI,..
Burkina Faso,BFA,"Unemployment, total (% of total labor force) (modeled ILO estimate)",SL.UEM.TOTL.ZS,4.59
Burkina Faso,BFA,GDP per capita (current US$),NY.GDP.PCAP.CD,825.2370388
Burkina Faso,BFA,"Life expectancy at birth, total (years)",SP.DYN.LE00.IN,60.454
Burkina Faso,BFA,"School enrollment, tertiary (% gross)",SE.TER.ENRR,7.642770622
Burundi,BDI,Gini index,SI.POV.GINI,37.5
Burundi,BDI,"Unemployment, total (% of total labor force) (modeled ILO estimate)",SL.UEM.TOTL.ZS,1.03
Burundi,BDI,GDP per capita (current US$),NY.GDP.PCAP.CD,255.8324539
Burundi,BDI,"Life expectancy at birth, total (years)",SP.DYN.LE00.IN,62.569
Burundi,BDI,"School enrollment, tertiary (% gross)",SE.TER.ENRR,..
Cabo Verde,CPV,Gini index,SI.POV.GINI,..
Cabo Verde,CPV,"Unemployment, total (% of total labor force) (modeled ILO estimate)",SL.UEM.TOTL.ZS,14.65
Cabo Verde,CPV,GDP per capita (current US$),NY.GDP.PCAP.CD,3539.226612
Cabo Verde,CPV,"Life expectancy at birth, total (years)",SP.DYN.LE00.IN,73.818
Cabo Verde,CPV,"School enrollment, tertiary (% gross)",SE.TER.ENRR,..
Cambodia,KHM,Gini index,SI.POV.GINI,..
Cambodia,KHM,"Unemployment, total (% of total labor force) (modeled ILO estimate)",SL.UEM.TOTL.ZS,0.172
Cambodia,KHM,GDP per capita (current US$),NY.GDP.PCAP.CD,2081.739142
Cambodia,KHM,"Life expectancy at birth, total (years)",SP.DYN.LE00.IN,70.059
Cambodia,KHM,"School enrollment, tertiary (% gross)",SE.TER.ENRR,13.87675737
Cameroon,CMR,Gini index,SI.POV.GINI,..
Cameroon,CMR,"Unemployment, total (% of total labor force) (modeled ILO estimate)",SL.UEM.TOTL.ZS,3.881
Cameroon,CMR,GDP per capita (current US$),NY.GDP.PCAP.CD,1555.603707
Cameroon,CMR,"Life expectancy at birth, total (years)",SP.DYN.LE00.IN,61.674
Cameroon,CMR,"School enrollment, tertiary (% gross)",SE.TER.ENRR,15.55195662
Canada,CAN,Gini index,SI.POV.GINI,29.9
Canada,CAN,"Unemployment, total (% of total labor force) (modeled ILO estimate)",SL.UEM.TOTL.ZS,9.657
Canada,CAN,GDP per capita (current US$),NY.GDP.PCAP.CD,43537.8393
Canada,CAN,"Life expectancy at birth, total (years)",SP.DYN.LE00.IN,81.53512195
Canada,CAN,"School enrollment, tertiary (% gross)",SE.TER.ENRR,75.23890686
Cayman Islands,CYM,Gini index,SI.POV.GINI,..
Cayman Islands,CYM,"Unemployment, total (% of total labor force) (modeled ILO estimate)",SL.UEM.TOTL.ZS,..
Cayman Islands,CYM,GDP per capita (current US$),NY.GDP.PCAP.CD,82338.79774
Cayman Islands,CYM,"Life expectancy at birth, total (years)",SP.DYN.LE00.IN,79.23
Cayman Islands,CYM,"School enrollment, tertiary (% gross)",SE.TER.ENRR,..
Central African Republic,CAF,Gini index,SI.POV.GINI,..
Central African Republic,CAF,"Unemployment, total (% of total labor force) (modeled ILO estimate)",SL.UEM.TOTL.ZS,6.519
Central African Republic,CAF,GDP per capita (current US$),NY.GDP.PCAP.CD,462.8790713
Central African Republic,CAF,"Life expectancy at birth, total (years)",SP.DYN.LE00.IN,50.596
Central African Republic,CAF,"School enrollment, tertiary (% gross)",SE.TER.ENRR,..
Chad,TCD,Gini index,SI.POV.GINI,..
Chad,TCD,"Unemployment, total (% of total labor force) (modeled ILO estimate)",SL.UEM.TOTL.ZS,1.695
Chad,TCD,GDP per capita (current US$),NY.GDP.PCAP.CD,866.9478149
Chad,TCD,"Life expectancy at birth, total (years)",SP.DYN.LE00.IN,53.082
Chad,TCD,"School enrollment, tertiary (% gross)",SE.TER.ENRR,4.396659673
Channel Islands,CHI,Gini index,SI.POV.GINI,..
Channel Islands,CHI,"Unemployment, total (% of total labor force) (modeled ILO estimate)",SL.UEM.TOTL.ZS,6.633
Channel Islands,CHI,GDP per capita (current US$),NY.GDP.PCAP.CD,56785.9402
Channel Islands,CHI,"Life expectancy at birth, total (years)",SP.DYN.LE00.IN,80.9
Channel Islands,CHI,"School enrollment, tertiary (% gross)",SE.TER.ENRR,..
Chile,CHL,Gini index,SI.POV.GINI,47
Chile,CHL,"Unemployment, total (% of total labor force) (modeled ILO estimate)",SL.UEM.TOTL.ZS,10.934
Chile,CHL,GDP per capita (current US$),NY.GDP.PCAP.CD,13114.81547
Chile,CHL,"Life expectancy at birth, total (years)",SP.DYN.LE00.IN,79.349
Chile,CHL,"School enrollment, tertiary (% gross)",SE.TER.ENRR,89.11248779
China,CHN,Gini index,SI.POV.GINI,37.1
China,CHN,"Unemployment, total (% of total labor force) (modeled ILO estimate)",SL.UEM.TOTL.ZS,5
China,CHN,GDP per capita (current US$),NY.GDP.PCAP.CD,10627.4638
China,CHN,"Life expectancy at birth, total (years)",SP.DYN.LE00.IN,78.019
China,CHN,"School enrollment, tertiary (% gross)",SE.TER.ENRR,61.6124676
Colombia,COL,Gini index,SI.POV.GINI,53.5
Colombia,COL,"Unemployment, total (% of total labor force) (modeled ILO estimate)",SL.UEM.TOTL.ZS,15.983
Colombia,COL,GDP per capita (current US$),NY.GDP.PCAP.CD,5339.687114
Colombia,COL,"Life expectancy at birth, total (years)",SP.DYN.LE00.IN,74.757
Colombia,COL,"School enrollment, tertiary (% gross)",SE.TER.ENRR,55.73310852
Comoros,COM,Gini index,SI.POV.GINI,..
Comoros,COM,"Unemployment, total (% of total labor force) (modeled ILO estimate)",SL.UEM.TOTL.ZS,4.468
Comoros,COM,GDP per capita (current US$),NY.GDP.PCAP.CD,1519.346656
Comoros,COM,"Life expectancy at birth, total (years)",SP.DYN.LE00.IN,65.756
Comoros,COM,"School enrollment, tertiary (% gross)",SE.TER.ENRR,..
"Congo, Dem. Rep.",COD,Gini index,SI.POV.GINI,44.7
"Congo, Dem. Rep.",COD,"Unemployment, total (% of total labor force) (modeled ILO estimate)",SL.UEM.TOTL.ZS,5.355
"Congo, Dem. Rep.",COD,GDP per capita (current US$),NY.GDP.PCAP.CD,486.4255727
"Congo, Dem. Rep.",COD,"Life expectancy at birth, total (years)",SP.DYN.LE00.IN,60.428
"Congo, Dem. Rep.",COD,"School enrollment, tertiary (% gross)",SE.TER.ENRR,6.379879951
"Congo, Rep.",COG,Gini index,SI.POV.GINI,..
"Congo, Rep.",COG,"Unemployment, total (% of total labor force) (modeled ILO estimate)",SL.UEM.TOTL.ZS,22.286
"Congo, Rep.",COG,GDP per capita (current US$),NY.GDP.PCAP.CD,1993.586672
"Congo, Rep.",COG,"Life expectancy at birth, total (years)",SP.DYN.LE00.IN,64.391
"Congo, Rep.",COG,"School enrollment, tertiary (% gross)",SE.TER.ENRR,..
Costa Rica,CRI,Gini index,SI.POV.GINI,49.2
Costa Rica,CRI,"Unemployment, total (% of total labor force) (modeled ILO estimate)",SL.UEM.TOTL.ZS,16.432
Costa Rica,CRI,GDP per capita (current US$),NY.GDP.PCAP.CD,12394.0494
Costa Rica,CRI,"Life expectancy at birth, total (years)",SP.DYN.LE00.IN,79.725
Costa Rica,CRI,"School enrollment, tertiary (% gross)",SE.TER.ENRR,..
Cote d'Ivoire,CIV,Gini index,SI.POV.GINI,..
Cote d'Ivoire,CIV,"Unemployment, total (% of total labor force) (modeled ILO estimate)",SL.UEM.TOTL.ZS,2.588
Cote d'Ivoire,CIV,GDP per capita (current US$),NY.GDP.PCAP.CD,2179.729348
Cote d'Ivoire,CIV,"Life expectancy at birth, total (years)",SP.DYN.LE00.IN,60.14
Cote d'Ivoire,CIV,"School enrollment, tertiary (% gross)",SE.TER.ENRR,10.26640913
Croatia,HRV,Gini index,SI.POV.GINI,29.5
Croatia,HRV,"Unemployment, total (% of total labor force) (modeled ILO estimate)",SL.UEM.TOTL.ZS,7.389
Croatia,HRV,GDP per capita (current US$),NY.GDP.PCAP.CD,14807.56085
Croatia,HRV,"Life expectancy at birth, total (years)",SP.DYN.LE00.IN,77.52439024
Croatia,HRV,"School enrollment, tertiary (% gross)",SE.TER.ENRR,74.73803711
Cuba,CUB,Gini index,SI.POV.GINI,..
Cuba,CUB,"Unemployment, total (% of total labor force) (modeled ILO estimate)",SL.UEM.TOTL.ZS,2.233
Cuba,CUB,GDP per capita (current US$),NY.GDP.PCAP.CD,9605.279146
Cuba,CUB,"Life expectancy at birth, total (years)",SP.DYN.LE00.IN,77.407
Cuba,CUB,"School enrollment, tertiary (% gross)",SE.TER.ENRR,46.7357263
Curacao,CUW,Gini index,SI.POV.GINI,..
Curacao,CUW,"Unemployment, total (% of total labor force) (modeled ILO estimate)",SL.UEM.TOTL.ZS,..
Curacao,CUW,GDP per capita (current US$),NY.GDP.PCAP.CD,16299.81343
Curacao,CUW,"Life expectancy at birth, total (years)",SP.DYN.LE00.IN,76.501
Curacao,CUW,"School enrollment, tertiary (% gross)",SE.TER.ENRR,..
Cyprus,CYP,Gini index,SI.POV.GINI,31.7
Cyprus,CYP,"Unemployment, total (% of total labor force) (modeled ILO estimate)",SL.UEM.TOTL.ZS,7.755
Cyprus,CYP,GDP per capita (current US$),NY.GDP.PCAP.CD,28130.3418
Cyprus,CYP,"Life expectancy at birth, total (years)",SP.DYN.LE00.IN,81.23
Cyprus,CYP,"School enrollment, tertiary (% gross)",SE.TER.ENRR,92.9377594
Czechia,CZE,Gini index,SI.POV.GINI,26.2
Czechia,CZE,"Unemployment, total (% of total labor force) (modeled ILO estimate)",SL.UEM.TOTL.ZS,2.55
Czechia,CZE,GDP per capita (current US$),NY.GDP.PCAP.CD,23472.89155
Czechia,CZE,"Life expectancy at birth, total (years)",SP.DYN.LE00.IN,78.22682927
Czechia,CZE,"School enrollment, tertiary (% gross)",SE.TER.ENRR,67.18437195
Denmark,DNK,Gini index,SI.POV.GINI,27.5
Denmark,DNK,"Unemployment, total (% of total labor force) (modeled ILO estimate)",SL.UEM.TOTL.ZS,5.644
Denmark,DNK,GDP per capita (current US$),NY.GDP.PCAP.CD,60985.48856
Denmark,DNK,"Life expectancy at birth, total (years)",SP.DYN.LE00.IN,81.60243902
Denmark,DNK,"School enrollment, tertiary (% gross)",SE.TER.ENRR,82.66432953
Djibouti,DJI,Gini index,SI.POV.GINI,..
Djibouti,DJI,"Unemployment, total (% of total labor force) (modeled ILO estimate)",SL.UEM.TOTL.ZS,27.701
Djibouti,DJI,GDP per capita (current US$),NY.GDP.PCAP.CD,2844.888106
Djibouti,DJI,"Life expectancy at birth, total (years)",SP.DYN.LE00.IN,64.2
Djibouti,DJI,"School enrollment, tertiary (% gross)",SE.TER.ENRR,..
Dominica,DMA,Gini index,SI.POV.GINI,..
Dominica,DMA,"Unemployment, total (% of total labor force) (modeled ILO estimate)",SL.UEM.TOTL.ZS,..
Dominica,DMA,GDP per capita (current US$),NY.GDP.PCAP.CD,7827.748427
Dominica,DMA,"Life expectancy at birth, total (years)",SP.DYN.LE00.IN,71.269
Dominica,DMA,"School enrollment, tertiary (% gross)",SE.TER.ENRR,..
Dominican Republic,DOM,Gini index,SI.POV.GINI,39.6
Dominican Republic,DOM,"Unemployment, total (% of total labor force) (modeled ILO estimate)",SL.UEM.TOTL.ZS,6.126
Dominican Republic,DOM,GDP per capita (current US$),NY.GDP.PCAP.CD,7135.222733
Dominican Republic,DOM,"Life expectancy at birth, total (years)",SP.DYN.LE00.IN,72.636
Dominican Republic,DOM,"School enrollment, tertiary (% gross)",SE.TER.ENRR,58.72641053
Ecuador,ECU,Gini index,SI.POV.GINI,47.3
Ecuador,ECU,"Unemployment, total (% of total labor force) (modeled ILO estimate)",SL.UEM.TOTL.ZS,6.116
Ecuador,ECU,GDP per capita (current US$),NY.GDP.PCAP.CD,5463.645153
Ecuador,ECU,"Life expectancy at birth, total (years)",SP.DYN.LE00.IN,72.004
Ecuador,ECU,"School enrollment, tertiary (% gross)",SE.TER.ENRR,56.90663115
"Egypt, Arab Rep.",EGY,Gini index,SI.POV.GINI,..
"Egypt, Arab Rep.",EGY,"Unemployment, total (% of total labor force) (modeled ILO estimate)",SL.UEM.TOTL.ZS,7.974
"Egypt, Arab Rep.",EGY,GDP per capita (current US$),NY.GDP.PCAP.CD,3511.11381
"Egypt, Arab Rep.",EGY,"Life expectancy at birth, total (years)",SP.DYN.LE00.IN,69.79
"Egypt, Arab Rep.",EGY,"School enrollment, tertiary (% gross)",SE.TER.ENRR,38.77399826
El Salvador,SLV,Gini index,SI.POV.GINI,..
El Salvador,SLV,"Unemployment, total (% of total labor force) (modeled ILO estimate)",SL.UEM.TOTL.ZS,5.008
El Salvador,SLV,GDP per capita (current US$),NY.GDP.PCAP.CD,3997.192796
El Salvador,SLV,"Life expectancy at birth, total (years)",SP.DYN.LE00.IN,70.244
El Salvador,SLV,"School enrollment, tertiary (% gross)",SE.TER.ENRR,30.99863703
Equatorial Guinea,GNQ,Gini index,SI.POV.GINI,..
Equatorial Guinea,GNQ,"Unemployment, total (% of total labor force) (modeled ILO estimate)",SL.UEM.TOTL.ZS,8.625
Equatorial Guinea,GNQ,GDP per capita (current US$),NY.GDP.PCAP.CD,5764.055029
Equatorial Guinea,GNQ,"Life expectancy at birth, total (years)",SP.DYN.LE00.IN,62.141
Equatorial Guinea,GNQ,"School enrollment, tertiary (% gross)",SE.TER.ENRR,..
Eritrea,ERI,Gini index,SI.POV.GINI,..
Eritrea,ERI,"Unemployment, total (% of total labor force) (modeled ILO estimate)",SL.UEM.TOTL.ZS,6.375
Eritrea,ERI,GDP per capita (current US$),NY.GDP.PCAP.CD,..
Eritrea,ERI,"Life expectancy at birth, total (years)",SP.DYN.LE00.IN,66.98
Eritrea,ERI,"School enrollment, tertiary (% gross)",SE.TER.ENRR,..
Estonia,EST,Gini index,SI.POV.GINI,30.7
Estonia,EST,"Unemployment, total (% of total labor force) (modeled ILO estimate)",SL.UEM.TOTL.ZS,6.956
Estonia,EST,GDP per capita (current US$),NY.GDP.PCAP.CD,23933.99394
Estonia,EST,"Life expectancy at birth, total (years)",SP.DYN.LE00.IN,78.59512195
Estonia,EST,"School enrollment, tertiary (% gross)",SE.TER.ENRR,72.0443573
Eswatini,SWZ,Gini index,SI.POV.GINI,..
Eswatini,SWZ,"Unemployment, total (% of total labor force) (modeled ILO estimate)",SL.UEM.TOTL.ZS,32.978
Eswatini,SWZ,GDP per capita (current US$),NY.GDP.PCAP.CD,3466.569363
Eswatini,SWZ,"Life expectancy at birth, total (years)",SP.DYN.LE00.IN,59.862
Eswatini,SWZ,"School enrollment, tertiary (% gross)",SE.TER.ENRR,..
Ethiopia,ETH,Gini index,SI.POV.GINI,..
Ethiopia,ETH,"Unemployment, total (% of total labor force) (modeled ILO estimate)",SL.UEM.TOTL.ZS,3.998
Ethiopia,ETH,GDP per capita (current US$),NY.GDP.PCAP.CD,829.7909825
Ethiopia,ETH,"Life expectancy at birth, total (years)",SP.DYN.LE00.IN,65.969
Ethiopia,ETH,"School enrollment, tertiary (% gross)",SE.TER.ENRR,..
Faroe Islands,FRO,Gini index,SI.POV.GINI,..
Faroe Islands,FRO,"Unemployment, total (% of total labor force) (modeled ILO estimate)",SL.UEM.TOTL.ZS,..
Faroe Islands,FRO,GDP per capita (current US$),NY.GDP.PCAP.CD,62243.19056
Faroe Islands,FRO,"Life expectancy at birth, total (years)",SP.DYN.LE00.IN,82.64390244
Faroe Islands,FRO,"School enrollment, tertiary (% gross)",SE.TER.ENRR,..
Fiji,FJI,Gini index,SI.POV.GINI,..
Fiji,FJI,"Unemployment, total (% of total labor force) (modeled ILO estimate)",SL.UEM.TOTL.ZS,5.054
Fiji,FJI,GDP per capita (current US$),NY.GDP.PCAP.CD,4620.645724
Fiji,FJI,"Life expectancy at birth, total (years)",SP.DYN.LE00.IN,66.924
Fiji,FJI,"School enrollment, tertiary (% gross)",SE.TER.ENRR,83.76136545
Finland,FIN,Gini index,SI.POV.GINI,27.1
Finland,FIN,"Unemployment, total (% of total labor force) (modeled ILO estimate)",SL.UEM.TOTL.ZS,7.759
Finland,FIN,GDP per capita (current US$),NY.GDP.PCAP.CD,48828.68469
Finland,FIN,"Life expectancy at birth, total (years)",SP.DYN.LE00.IN,81.93170732
Finland,FIN,"School enrollment, tertiary (% gross)",SE.TER.ENRR,96.47263336
France,FRA,Gini index,SI.POV.GINI,30.7
France,FRA,"Unemployment, total (% of total labor force) (modeled ILO estimate)",SL.UEM.TOTL.ZS,8.009
France,FRA,GDP per capita (current US$),NY.GDP.PCAP.CD,39169.8606
France,FRA,"Life expectancy at birth, total (years)",SP.DYN.LE00.IN,82.17560976
France,FRA,"School enrollment, tertiary (% gross)",SE.TER.ENRR,68.87094116
French Polynesia,PYF,Gini index,SI.POV.GINI,..
French Polynesia,PYF,"Unemployment, total (% of total labor force) (modeled ILO estimate)",SL.UEM.TOTL.ZS,12.963
French Polynesia,PYF,GDP per capita (current US$),NY.GDP.PCAP.CD,19966.48385
French Polynesia,PYF,"Life expectancy at birth, total (years)",SP.DYN.LE00.IN,82.459
French Polynesia,PYF,"School enrollment, tertiary (% gross)",SE.TER.ENRR,..
Gabon,GAB,Gini index,SI.POV.GINI,..
Gabon,GAB,"Unemployment, total (% of total labor force) (modeled ILO estimate)",SL.UEM.TOTL.ZS,21.279
Gabon,GAB,GDP per capita (current US$),NY.GDP.PCAP.CD,6605.803461
Gabon,GAB,"Life expectancy at birth, total (years)",SP.DYN.LE00.IN,67.073
Gabon,GAB,"School enrollment, tertiary (% gross)",SE.TER.ENRR,..
"Gambia, The",GMB,Gini index,SI.POV.GINI,38.8
"Gambia, The",GMB,"Unemployment, total (% of total labor force) (modeled ILO estimate)",SL.UEM.TOTL.ZS,5.84
"Gambia, The",GMB,GDP per capita (current US$),NY.GDP.PCAP.CD,720.3351434
"Gambia, The",GMB,"Life expectancy at birth, total (years)",SP.DYN.LE00.IN,64.418
"Gambia, The",GMB,"School enrollment, tertiary (% gross)",SE.TER.ENRR,..
Georgia,GEO,Gini index,SI.POV.GINI,34.5
Georgia,GEO,"Unemployment, total (% of total labor force) (modeled ILO estimate)",SL.UEM.TOTL.ZS,11.734
Georgia,GEO,GDP per capita (current US$),NY.GDP.PCAP.CD,4300.857013
Georgia,GEO,"Life expectancy at birth, total (years)",SP.DYN.LE00.IN,73.509
Georgia,GEO,"School enrollment, tertiary (% gross)",SE.TER.ENRR,71.80645313
Germany,DEU,Gini index,SI.POV.GINI,32.4
Germany,DEU,"Unemployment, total (% of total labor force) (modeled ILO estimate)",SL.UEM.TOTL.ZS,3.881
Germany,DEU,GDP per capita (current US$),NY.GDP.PCAP.CD,47394.87345
Germany,DEU,"Life expectancy at birth, total (years)",SP.DYN.LE00.IN,81.04146341
Germany,DEU,"School enrollment, tertiary (% gross)",SE.TER.ENRR,72.38941956
Ghana,GHA,Gini index,SI.POV.GINI,..
Ghana,GHA,"Unemployment, total (% of total labor force) (modeled ILO estimate)",SL.UEM.TOTL.ZS,3.178
Ghana,GHA,GDP per capita (current US$),NY.GDP.PCAP.CD,2195.454817
Ghana,GHA,"Life expectancy at birth, total (years)",SP.DYN.LE00.IN,64.309
Ghana,GHA,"School enrollment, tertiary (% gross)",SE.TER.ENRR,18.61399386
Gibraltar,GIB,Gini index,SI.POV.GINI,..
Gibraltar,GIB,"Unemployment, total (% of total labor force) (modeled ILO estimate)",SL.UEM.TOTL.ZS,..
Gibraltar,GIB,GDP per capita (current US$),NY.GDP.PCAP.CD,..
Gibraltar,GIB,"Life expectancy at birth, total (years)",SP.DYN.LE00.IN,83.07
Gibraltar,GIB,"School enrollment, tertiary (% gross)",SE.TER.ENRR,..
Greece,GRC,Gini index,SI.POV.GINI,33.6
Greece,GRC,"Unemployment, total (% of total labor force) (modeled ILO estimate)",SL.UEM.TOTL.ZS,15.899
Greece,GRC,GDP per capita (current US$),NY.GDP.PCAP.CD,17886.73317
Greece,GRC,"Life expectancy at birth, total (years)",SP.DYN.LE00.IN,81.28780488
Greece,GRC,"School enrollment, tertiary (% gross)",SE.TER.ENRR,143.6933441
Greenland,GRL,Gini index,SI.POV.GINI,..
Greenland,GRL,"Unemployment, total (% of total labor force) (modeled ILO estimate)",SL.UEM.TOTL.ZS,..
Greenland,GRL,GDP per capita (current US$),NY.GDP.PCAP.CD,54812.66618
Greenland,GRL,"Life expectancy at birth, total (years)",SP.DYN.LE00.IN,71.85073171
Greenland,GRL,"School enrollment, tertiary (% gross)",SE.TER.ENRR,..
Grenada,GRD,Gini index,SI.POV.GINI,..
Grenada,GRD,"Unemployment, total (% of total labor force) (modeled ILO estimate)",SL.UEM.TOTL.ZS,..
Grenada,GRD,GDP per capita (current US$),NY.GDP.PCAP.CD,8968.558901
Grenada,GRD,"Life expectancy at birth, total (years)",SP.DYN.LE00.IN,75.019
Grenada,GRD,"School enrollment, tertiary (% gross)",SE.TER.ENRR,..
Guam,GUM,Gini index,SI.POV.GINI,..
Guam,GUM,"Unemployment, total (% of total labor force) (modeled ILO estimate)",SL.UEM.TOTL.ZS,6.241
Guam,GUM,GDP per capita (current US$),NY.GDP.PCAP.CD,36482.9364
Guam,GUM,"Life expectancy at birth, total (years)",SP.DYN.LE00.IN,75.529
Guam,GUM,"School enrollment, tertiary (% gross)",SE.TER.ENRR,..
Guatemala,GTM,Gini index,SI.POV.GINI,..
Guatemala,GTM,"Unemployment, total (% of total labor force) (modeled ILO estimate)",SL.UEM.TOTL.ZS,2.965
Guatemala,GTM,GDP per capita (current US$),NY.GDP.PCAP.CD,4477.61785
Guatemala,GTM,"Life expectancy at birth, total (years)",SP.DYN.LE00.IN,69.971
Guatemala,GTM,"School enrollment, tertiary (% gross)",SE.TER.ENRR,..
Guinea,GIN,Gini index,SI.POV.GINI,..
Guinea,GIN,"Unemployment, total (% of total labor force) (modeled ILO estimate)",SL.UEM.TOTL.ZS,6.007
Guinea,GIN,GDP per capita (current US$),NY.GDP.PCAP.CD,1053.660977
Guinea,GIN,"Life expectancy at birth, total (years)",SP.DYN.LE00.IN,59.35
Guinea,GIN,"School enrollment, tertiary (% gross)",SE.TER.ENRR,..
Guinea-Bissau,GNB,Gini index,SI.POV.GINI,..
Guinea-Bissau,GNB,"Unemployment, total (% of total labor force) (modeled ILO estimate)",SL.UEM.TOTL.ZS,2.887
Guinea-Bissau,GNB,GDP per capita (current US$),NY.GDP.PCAP.CD,846.9158557
Guinea-Bissau,GNB,"Life expectancy at birth, total (years)",SP.DYN.LE00.IN,61.343
Guinea-Bissau,GNB,"School enrollment, tertiary (% gross)",SE.TER.ENRR,..
Guyana,GUY,Gini index,SI.POV.GINI,..
Guyana,GUY,"Unemployment, total (% of total labor force) (modeled ILO estimate)",SL.UEM.TOTL.ZS,15.308
Guyana,GUY,GDP per capita (current US$),NY.GDP.PCAP.CD,6775.709391
Guyana,GUY,"Life expectancy at birth, total (years)",SP.DYN.LE00.IN,67.751
Guyana,GUY,"School enrollment, tertiary (% gross)",SE.TER.ENRR,..
Haiti,HTI,Gini index,SI.POV.GINI,..
Haiti,HTI,"Unemployment, total (% of total labor force) (modeled ILO estimate)",SL.UEM.TOTL.ZS,15.573
Haiti,HTI,GDP per capita (current US$),NY.GDP.PCAP.CD,1290.325387
Haiti,HTI,"Life expectancy at birth, total (years)",SP.DYN.LE00.IN,63.773
Haiti,HTI,"School enrollment, tertiary (% gross)",SE.TER.ENRR,..
Honduras,HND,Gini index,SI.POV.GINI,..
Honduras,HND,"Unemployment, total (% of total labor force) (modeled ILO estimate)",SL.UEM.TOTL.ZS,10.982
Honduras,HND,GDP per capita (current US$),NY.GDP.PCAP.CD,2307.614943
Honduras,HND,"Life expectancy at birth, total (years)",SP.DYN.LE00.IN,70.864
Honduras,HND,"School enrollment, tertiary (% gross)",SE.TER.ENRR,..
"Hong Kong SAR, China",HKG,Gini index,SI.POV.GINI,..
"Hong Kong SAR, China",HKG,"Unemployment, total (% of total labor force) (modeled ILO estimate)",SL.UEM.TOTL.ZS,5.808
"Hong Kong SAR, China",HKG,GDP per capita (current US$),NY.GDP.PCAP.CD,46109.22999
"Hong Kong SAR, China",HKG,"Life expectancy at birth, total (years)",SP.DYN.LE00.IN,85.49634146
"Hong Kong SAR, China",HKG,"School enrollment, tertiary (% gross)",SE.TER.ENRR,89.94790382
Hungary,HUN,Gini index,SI.POV.GINI,..
Hungary,HUN,"Unemployment, total (% of total labor force) (modeled ILO estimate)",SL.UEM.TOTL.ZS,4.248
Hungary,HUN,GDP per capita (current US$),NY.GDP.PCAP.CD,16386.93088
Hungary,HUN,"Life expectancy at birth, total (years)",SP.DYN.LE00.IN,75.4195122
Hungary,HUN,"School enrollment, tertiary (% gross)",SE.TER.ENRR,54.60203934
Iceland,ISL,Gini index,SI.POV.GINI,..
Iceland,ISL,"Unemployment, total (% of total labor force) (modeled ILO estimate)",SL.UEM.TOTL.ZS,5.478
Iceland,ISL,GDP per capita (current US$),NY.GDP.PCAP.CD,60127.93936
Iceland,ISL,"Life expectancy at birth, total (years)",SP.DYN.LE00.IN,83.06341463
Iceland,ISL,"School enrollment, tertiary (% gross)",SE.TER.ENRR,74.59060669
India,IND,Gini index,SI.POV.GINI,..
India,IND,"Unemployment, total (% of total labor force) (modeled ILO estimate)",SL.UEM.TOTL.ZS,7.859
India,IND,GDP per capita (current US$),NY.GDP.PCAP.CD,1907.042516
India,IND,"Life expectancy at birth, total (years)",SP.DYN.LE00.IN,70.156
India,IND,"School enrollment, tertiary (% gross)",SE.TER.ENRR,29.56197061
Indonesia,IDN,Gini index,SI.POV.GINI,35.3
Indonesia,IDN,"Unemployment, total (% of total labor force) (modeled ILO estimate)",SL.UEM.TOTL.ZS,4.255
Indonesia,IDN,GDP per capita (current US$),NY.GDP.PCAP.CD,3853.702888
Indonesia,IDN,"Life expectancy at birth, total (years)",SP.DYN.LE00.IN,68.817
Indonesia,IDN,"School enrollment, tertiary (% gross)",SE.TER.ENRR,38.16506014
"Iran, Islamic Rep.",IRN,Gini index,SI.POV.GINI,35.8
"Iran, Islamic Rep.",IRN,"Unemployment, total (% of total labor force) (modeled ILO estimate)",SL.UEM.TOTL.ZS,9.687
"Iran, Islamic Rep.",IRN,GDP per capita (current US$),NY.GDP.PCAP.CD,3202.500035
"Iran, Islamic Rep.",IRN,"Life expectancy at birth, total (years)",SP.DYN.LE00.IN,74.141
"Iran, Islamic Rep.",IRN,"School enrollment, tertiary (% gross)",SE.TER.ENRR,55.63666916
Iraq,IRQ,Gini index,SI.POV.GINI,..
Iraq,IRQ,"Unemployment, total (% of total labor force) (modeled ILO estimate)",SL.UEM.TOTL.ZS,15.766
Iraq,IRQ,GDP per capita (current US$),NY.GDP.PCAP.CD,4295.189451
Iraq,IRQ,"Life expectancy at birth, total (years)",SP.DYN.LE00.IN,69.651
Iraq,IRQ,"School enrollment, tertiary (% gross)",SE.TER.ENRR,..
Ireland,IRL,Gini index,SI.POV.GINI,29.2
Ireland,IRL,"Unemployment, total (% of total labor force) (modeled ILO estimate)",SL.UEM.TOTL.ZS,5.623
Ireland,IRL,GDP per capita (current US$),NY.GDP.PCAP.CD,86514.07061
Ireland,IRL,"Life expectancy at birth, total (years)",SP.DYN.LE00.IN,82.45609756
Ireland,IRL,"School enrollment, tertiary (% gross)",SE.TER.ENRR,74.68031311
Isle of Man,IMN,Gini index,SI.POV.GINI,..
Isle of Man,IMN,"Unemployment, total (% of total labor force) (modeled ILO estimate)",SL.UEM.TOTL.ZS,..
Isle of Man,IMN,GDP per capita (current US$),NY.GDP.PCAP.CD,79513.53303
Isle of Man,IMN,"Life expectancy at birth, total (years)",SP.DYN.LE00.IN,80.591
Isle of Man,IMN,"School enrollment, tertiary (% gross)",SE.TER.ENRR,..
Israel,ISR,Gini index,SI.POV.GINI,37.8
Israel,ISR,"Unemployment, total (% of total labor force) (modeled ILO estimate)",SL.UEM.TOTL.ZS,4.169
Israel,ISR,GDP per capita (current US$),NY.GDP.PCAP.CD,44575.5719
Israel,ISR,"Life expectancy at birth, total (years)",SP.DYN.LE00.IN,82.64878049
Israel,ISR,"School enrollment, tertiary (% gross)",SE.TER.ENRR,56.42721939
Italy,ITA,Gini index,SI.POV.GINI,35.2
Italy,ITA,"Unemployment, total (% of total labor force) (modeled ILO estimate)",SL.UEM.TOTL.ZS,9.192
Italy,ITA,GDP per capita (current US$),NY.GDP.PCAP.CD,32091.48666
Italy,ITA,"Life expectancy at birth, total (years)",SP.DYN.LE00.IN,82.19512195
Italy,ITA,"School enrollment, tertiary (% gross)",SE.TER.ENRR,68.72310638
Jamaica,JAM,Gini index,SI.POV.GINI,..
Jamaica,JAM,"Unemployment, total (% of total labor force) (modeled ILO estimate)",SL.UEM.TOTL.ZS,6.501
Jamaica,JAM,GDP per capita (current US$),NY.GDP.PCAP.CD,5299.045308
Jamaica,JAM,"Life expectancy at birth, total (years)",SP.DYN.LE00.IN,71.452
Jamaica,JAM,"School enrollment, tertiary (% gross)",SE.TER.ENRR,..
Japan,JPN,Gini index,SI.POV.GINI,32.3
Japan,JPN,"Unemployment, total (% of total labor force) (modeled ILO estimate)",SL.UEM.TOTL.ZS,2.809
Japan,JPN,GDP per capita (current US$),NY.GDP.PCAP.CD,40028.73417
Japan,JPN,"Life expectancy at birth, total (years)",SP.DYN.LE00.IN,84.56
Japan,JPN,"School enrollment, tertiary (% gross)",SE.TER.ENRR,62.13584137
Jordan,JOR,Gini index,SI.POV.GINI,..
Jordan,JOR,"Unemployment, total (% of total labor force) (modeled ILO estimate)",SL.UEM.TOTL.ZS,19.213
Jordan,JOR,GDP per capita (current US$),NY.GDP.PCAP.CD,4022.040136
Jordan,JOR,"Life expectancy at birth, total (years)",SP.DYN.LE00.IN,75.583
Jordan,JOR,"School enrollment, tertiary (% gross)",SE.TER.ENRR,30.28796656
Kazakhstan,KAZ,Gini index,SI.POV.GINI,28.7
Kazakhstan,KAZ,"Unemployment, total (% of total labor force) (modeled ILO estimate)",SL.UEM.TOTL.ZS,4.89
Kazakhstan,KAZ,GDP per capita (current US$),NY.GDP.PCAP.CD,8781.507978
Kazakhstan,KAZ,"Life expectancy at birth, total (years)",SP.DYN.LE00.IN,71.195
Kazakhstan,KAZ,"School enrollment, tertiary (% gross)",SE.TER.ENRR,62.29213737
Kenya,KEN,Gini index,SI.POV.GINI,36.2
Kenya,KEN,"Unemployment, total (% of total labor force) (modeled ILO estimate)",SL.UEM.TOTL.ZS,5.613
Kenya,KEN,GDP per capita (current US$),NY.GDP.PCAP.CD,1927.66459
Kenya,KEN,"Life expectancy at birth, total (years)",SP.DYN.LE00.IN,61.596
Kenya,KEN,"School enrollment, tertiary (% gross)",SE.TER.ENRR,..
Kiribati,KIR,Gini index,SI.POV.GINI,..
Kiribati,KIR,"Unemployment, total (% of total labor force) (modeled ILO estimate)",SL.UEM.TOTL.ZS,..
Kiribati,KIR,GDP per capita (current US$),NY.GDP.PCAP.CD,1751.782492
Kiribati,KIR,"Life expectancy at birth, total (years)",SP.DYN.LE00.IN,65.205
Kiribati,KIR,"School enrollment, tertiary (% gross)",SE.TER.ENRR,..
"Korea, Dem. People's Rep.",PRK,Gini index,SI.POV.GINI,..
"Korea, Dem. People's Rep.",PRK,"Unemployment, total (% of total labor force) (modeled ILO estimate)",SL.UEM.TOTL.ZS,3.624
"Korea, Dem. People's Rep.",PRK,GDP per capita (current US$),NY.GDP.PCAP.CD,..
"Korea, Dem. People's Rep.",PRK,"Life expectancy at birth, total (years)",SP.DYN.LE00.IN,72.783
"Korea, Dem. People's Rep.",PRK,"School enrollment, tertiary (% gross)",SE.TER.ENRR,..
"Korea, Rep.",KOR,Gini index,SI.POV.GINI,32.7
"Korea, Rep.",KOR,"Unemployment, total (% of total labor force) (modeled ILO estimate)",SL.UEM.TOTL.ZS,3.931
"Korea, Rep.",KOR,GDP per capita (current US$),NY.GDP.PCAP.CD,33645.77195
"Korea, Rep.",KOR,"Life expectancy at birth, total (years)",SP.DYN.LE00.IN,83.42682927
"Korea, Rep.",KOR,"School enrollment, tertiary (% gross)",SE.TER.ENRR,96.87677002
Kosovo,XKX,Gini index,SI.POV.GINI,57.4
Kosovo,XKX,"Unemployment, total (% of total labor force) (modeled ILO estimate)",SL.UEM.TOTL.ZS,..
Kosovo,XKX,GDP per capita (current US$),NY.GDP.PCAP.CD,4310.889638
Kosovo,XKX,"Life expectancy at birth, total (years)",SP.DYN.LE00.IN,74.212
Kosovo,XKX,"School enrollment, tertiary (% gross)",SE.TER.ENRR,..
Kuwait,KWT,Gini index,SI.POV.GINI,..
Kuwait,KWT,"Unemployment, total (% of total labor force) (modeled ILO estimate)",SL.UEM.TOTL.ZS,3.489
Kuwait,KWT,GDP per capita (current US$),NY.GDP.PCAP.CD,25236.07558
Kuwait,KWT,"Life expectancy at birth, total (years)",SP.DYN.LE00.IN,78.76097561
Kuwait,KWT,"School enrollment, tertiary (% gross)",SE.TER.ENRR,53.73187892
Kyrgyz Republic,KGZ,Gini index,SI.POV.GINI,29
Kyrgyz Republic,KGZ,"Unemployment, total (% of total labor force) (modeled ILO estimate)",SL.UEM.TOTL.ZS,5.945
Kyrgyz Republic,KGZ,GDP per capita (current US$),NY.GDP.PCAP.CD,1229.517666
Kyrgyz Republic,KGZ,"Life expectancy at birth, total (years)",SP.DYN.LE00.IN,71.8
Kyrgyz Republic,KGZ,"School enrollment, tertiary (% gross)",SE.TER.ENRR,45.33278408
Lao PDR,LAO,Gini index,SI.POV.GINI,..
Lao PDR,LAO,"Unemployment, total (% of total labor force) (modeled ILO estimate)",SL.UEM.TOTL.ZS,2.349
Lao PDR,LAO,GDP per capita (current US$),NY.GDP.PCAP.CD,2583.777307
Lao PDR,LAO,"Life expectancy at birth, total (years)",SP.DYN.LE00.IN,68.339
Lao PDR,LAO,"School enrollment, tertiary (% gross)",SE.TER.ENRR,12.56191178
Latvia,LVA,Gini index,SI.POV.GINI,35.7
Latvia,LVA,"Unemployment, total (% of total labor force) (modeled ILO estimate)",SL.UEM.TOTL.ZS,8.098
Latvia,LVA,GDP per capita (current US$),NY.GDP.PCAP.CD,17564.23215
Latvia,LVA,"Life expectancy at birth, total (years)",SP.DYN.LE00.IN,75.18536585
Latvia,LVA,"School enrollment, tertiary (% gross)",SE.TER.ENRR,94.51083374
Lebanon,LBN,Gini index,SI.POV.GINI,..
Lebanon,LBN,"Unemployment, total (% of total labor force) (modeled ILO estimate)",SL.UEM.TOTL.ZS,13.252
Lebanon,LBN,GDP per capita (current US$),NY.GDP.PCAP.CD,5561.19167
Lebanon,LBN,"Life expectancy at birth, total (years)",SP.DYN.LE00.IN,76.299
Lebanon,LBN,"School enrollment, tertiary (% gross)",SE.TER.ENRR,51.56773376
Lesotho,LSO,Gini index,SI.POV.GINI,..
Lesotho,LSO,"Unemployment, total (% of total labor force) (modeled ILO estimate)",SL.UEM.TOTL.ZS,18.385
Lesotho,LSO,GDP per capita (current US$),NY.GDP.PCAP.CD,918.5825747
Lesotho,LSO,"Life expectancy at birth, total (years)",SP.DYN.LE00.IN,55.133
Lesotho,LSO,"School enrollment, tertiary (% gross)",SE.TER.ENRR,..
Liberia,LBR,Gini index,SI.POV.GINI,..
Liberia,LBR,"Unemployment, total (% of total labor force) (modeled ILO estimate)",SL.UEM.TOTL.ZS,4.102
Liberia,LBR,GDP per capita (current US$),NY.GDP.PCAP.CD,616.787867
Liberia,LBR,"Life expectancy at birth, total (years)",SP.DYN.LE00.IN,61.267
Liberia,LBR,"School enrollment, tertiary (% gross)",SE.TER.ENRR,..
Libya,LBY,Gini index,SI.POV.GINI,..
Libya,LBY,"Unemployment, total (% of total labor force) (modeled ILO estimate)",SL.UEM.TOTL.ZS,19.651
Libya,LBY,GDP per capita (current US$),NY.GDP.PCAP.CD,6650.338106
Libya,LBY,"Life expectancy at birth, total (years)",SP.DYN.LE00.IN,72.388
Libya,LBY,"School enrollment, tertiary (% gross)",SE.TER.ENRR,..
Liechtenstein,LIE,Gini index,SI.POV.GINI,..
Liechtenstein,LIE,"Unemployment, total (% of total labor force) (modeled ILO estimate)",SL.UEM.TOTL.ZS,..
Liechtenstein,LIE,GDP per capita (current US$),NY.GDP.PCAP.CD,164671.0936
Liechtenstein,LIE,"Life expectancy at birth, total (years)",SP.DYN.LE00.IN,81.65853659
Liechtenstein,LIE,"School enrollment, tertiary (% gross)",SE.TER.ENRR,42.59860992
Lithuania,LTU,Gini index,SI.POV.GINI,36
Lithuania,LTU,"Unemployment, total (% of total labor force) (modeled ILO estimate)",SL.UEM.TOTL.ZS,8.487
Lithuania,LTU,GDP per capita (current US$),NY.GDP.PCAP.CD,20428.64782
Lithuania,LTU,"Life expectancy at birth, total (years)",SP.DYN.LE00.IN,75.02926829
Lithuania,LTU,"School enrollment, tertiary (% gross)",SE.TER.ENRR,69.14547729
Luxembourg,LUX,Gini index,SI.POV.GINI,33.4
Luxembourg,LUX,"Unemployment, total (% of total labor force) (modeled ILO estimate)",SL.UEM.TOTL.ZS,6.766
Luxembourg,LUX,GDP per capita (current US$),NY.GDP.PCAP.CD,116860.0282
Luxembourg,LUX,"Life expectancy at birth, total (years)",SP.DYN.LE00.IN,82.14390244
Luxembourg,LUX,"School enrollment, tertiary (% gross)",SE.TER.ENRR,19.96138954
"Macao SAR, China",MAC,Gini index,SI.POV.GINI,..
"Macao SAR, China",MAC,"Unemployment, total (% of total labor force) (modeled ILO estimate)",SL.UEM.TOTL.ZS,2.542
"Macao SAR, China",MAC,GDP per capita (current US$),NY.GDP.PCAP.CD,36883.66526
"Macao SAR, China",MAC,"Life expectancy at birth, total (years)",SP.DYN.LE00.IN,84.12926829
"Macao SAR, China",MAC,"School enrollment, tertiary (% gross)",SE.TER.ENRR,86.79567308
Madagascar,MDG,Gini index,SI.POV.GINI,..
Madagascar,MDG,"Unemployment, total (% of total labor force) (modeled ILO estimate)",SL.UEM.TOTL.ZS,3.292
Madagascar,MDG,GDP per capita (current US$),NY.GDP.PCAP.CD,450.7716152
Madagascar,MDG,"Life expectancy at birth, total (years)",SP.DYN.LE00.IN,62.706
Madagascar,MDG,"School enrollment, tertiary (% gross)",SE.TER.ENRR,5.173361173
Malawi,MWI,Gini index,SI.POV.GINI,..
Malawi,MWI,"Unemployment, total (% of total labor force) (modeled ILO estimate)",SL.UEM.TOTL.ZS,5.72
Malawi,MWI,GDP per capita (current US$),NY.GDP.PCAP.CD,602.5074782
Malawi,MWI,"Life expectancy at birth, total (years)",SP.DYN.LE00.IN,65.216
Malawi,MWI,"School enrollment, tertiary (% gross)",SE.TER.ENRR,2.402173807
Malaysia,MYS,Gini index,SI.POV.GINI,..
Malaysia,MYS,"Unemployment, total (% of total labor force) (modeled ILO estimate)",SL.UEM.TOTL.ZS,4.54
Malaysia,MYS,GDP per capita (current US$),NY.GDP.PCAP.CD,9957.526267
Malaysia,MYS,"Life expectancy at birth, total (years)",SP.DYN.LE00.IN,76.057
Malaysia,MYS,"School enrollment, tertiary (% gross)",SE.TER.ENRR,39.74456674
Maldives,MDV,Gini index,SI.POV.GINI,..
Maldives,MDV,"Unemployment, total (% of total labor force) (modeled ILO estimate)",SL.UEM.TOTL.ZS,5.42
Maldives,MDV,GDP per capita (current US$),NY.GDP.PCAP.CD,7393.888654
Maldives,MDV,"Life expectancy at birth, total (years)",SP.DYN.LE00.IN,78.713
Maldives,MDV,"School enrollment, tertiary (% gross)",SE.TER.ENRR,27.08058124
Mali,MLI,Gini index,SI.POV.GINI,..
Mali,MLI,"Unemployment, total (% of total labor force) (modeled ILO estimate)",SL.UEM.TOTL.ZS,3.528
Mali,MLI,GDP per capita (current US$),NY.GDP.PCAP.CD,953.2429433
Mali,MLI,"Life expectancy at birth, total (years)",SP.DYN.LE00.IN,58.858
Mali,MLI,"School enrollment, tertiary (% gross)",SE.TER.ENRR,..
Malta,MLT,Gini index,SI.POV.GINI,31.4
Malta,MLT,"Unemployment, total (% of total labor force) (modeled ILO estimate)",SL.UEM.TOTL.ZS,4.856
Malta,MLT,GDP per capita (current US$),NY.GDP.PCAP.CD,31823.43639
Malta,MLT,"Life expectancy at birth, total (years)",SP.DYN.LE00.IN,82.09756098
Malta,MLT,"School enrollment, tertiary (% gross)",SE.TER.ENRR,62.87525177
Marshall Islands,MHL,Gini index,SI.POV.GINI,..
Marshall Islands,MHL,"Unemployment, total (% of total labor force) (modeled ILO estimate)",SL.UEM.TOTL.ZS,..
Marshall Islands,MHL,GDP per capita (current US$),NY.GDP.PCAP.CD,5661.967873
Marshall Islands,MHL,"Life expectancy at birth, total (years)",SP.DYN.LE00.IN,65.387
Marshall Islands,MHL,"School enrollment, tertiary (% gross)",SE.TER.ENRR,..
Mauritania,MRT,Gini index,SI.POV.GINI,..
Mauritania,MRT,"Unemployment, total (% of total labor force) (modeled ILO estimate)",SL.UEM.TOTL.ZS,11.051
Mauritania,MRT,GDP per capita (current US$),NY.GDP.PCAP.CD,1795.764596
Mauritania,MRT,"Life expectancy at birth, total (years)",SP.DYN.LE00.IN,66.794
Mauritania,MRT,"School enrollment, tertiary (% gross)",SE.TER.ENRR,5.9719433
Mauritius,MUS,Gini index,SI.POV.GINI,..
Mauritius,MUS,"Unemployment, total (% of total labor force) (modeled ILO estimate)",SL.UEM.TOTL.ZS,8.626
Mauritius,MUS,GDP per capita (current US$),NY.GDP.PCAP.CD,9135.847738
Mauritius,MUS,"Life expectancy at birth, total (years)",SP.DYN.LE00.IN,74.17707317
Mauritius,MUS,"School enrollment, tertiary (% gross)",SE.TER.ENRR,42.53784186
Mexico,MEX,Gini index,SI.POV.GINI,44.6
Mexico,MEX,"Unemployment, total (% of total labor force) (modeled ILO estimate)",SL.UEM.TOTL.ZS,4.44
Mexico,MEX,GDP per capita (current US$),NY.GDP.PCAP.CD,8841.27075
Mexico,MEX,"Life expectancy at birth, total (years)",SP.DYN.LE00.IN,70.449
Mexico,MEX,"School enrollment, tertiary (% gross)",SE.TER.ENRR,45.16545105
"Micronesia, Fed. Sts.",FSM,Gini index,SI.POV.GINI,..
"Micronesia, Fed. Sts.",FSM,"Unemployment, total (% of total labor force) (modeled ILO estimate)",SL.UEM.TOTL.ZS,..
"Micronesia, Fed. Sts.",FSM,GDP per capita (current US$),NY.GDP.PCAP.CD,3362.028021
"Micronesia, Fed. Sts.",FSM,"Life expectancy at birth, total (years)",SP.DYN.LE00.IN,65.878
"Micronesia, Fed. Sts.",FSM,"School enrollment, tertiary (% gross)",SE.TER.ENRR,..
Moldova,MDA,Gini index,SI.POV.GINI,25
Moldova,MDA,"Unemployment, total (% of total labor force) (modeled ILO estimate)",SL.UEM.TOTL.ZS,1.206
Moldova,MDA,GDP per capita (current US$),NY.GDP.PCAP.CD,4375.778893
Moldova,MDA,"Life expectancy at birth, total (years)",SP.DYN.LE00.IN,69.914
Moldova,MDA,"School enrollment, tertiary (% gross)",SE.TER.ENRR,56.24981966
Monaco,MCO,Gini index,SI.POV.GINI,..
Monaco,MCO,"Unemployment, total (% of total labor force) (modeled ILO estimate)",SL.UEM.TOTL.ZS,..
Monaco,MCO,GDP per capita (current US$),NY.GDP.PCAP.CD,176891.8865
Monaco,MCO,"Life expectancy at birth, total (years)",SP.DYN.LE00.IN,86.089
Monaco,MCO,"School enrollment, tertiary (% gross)",SE.TER.ENRR,..
Mongolia,MNG,Gini index,SI.POV.GINI,..
Mongolia,MNG,"Unemployment, total (% of total labor force) (modeled ILO estimate)",SL.UEM.TOTL.ZS,6.413
Mongolia,MNG,GDP per capita (current US$),NY.GDP.PCAP.CD,4001.251931
Mongolia,MNG,"Life expectancy at birth, total (years)",SP.DYN.LE00.IN,71.34902439
Mongolia,MNG,"School enrollment, tertiary (% gross)",SE.TER.ENRR,66.25574671
Montenegro,MNE,Gini index,SI.POV.GINI,35.4
Montenegro,MNE,"Unemployment, total (% of total labor force) (modeled ILO estimate)",SL.UEM.TOTL.ZS,17.878
Montenegro,MNE,GDP per capita (current US$),NY.GDP.PCAP.CD,7538.53636
Montenegro,MNE,"Life expectancy at birth, total (years)",SP.DYN.LE00.IN,75.93170732
Montenegro,MNE,"School enrollment, tertiary (% gross)",SE.TER.ENRR,58.09447098
Morocco,MAR,Gini index,SI.POV.GINI,..
Morocco,MAR,"Unemployment, total (% of total labor force) (modeled ILO estimate)",SL.UEM.TOTL.ZS,11.189
Morocco,MAR,GDP per capita (current US$),NY.GDP.PCAP.CD,3268.030273
Morocco,MAR,"Life expectancy at birth, total (years)",SP.DYN.LE00.IN,73.133
Morocco,MAR,"School enrollment, tertiary (% gross)",SE.TER.ENRR,39.68580476
Mozambique,MOZ,Gini index,SI.POV.GINI,..
Mozambique,MOZ,"Unemployment, total (% of total labor force) (modeled ILO estimate)",SL.UEM.TOTL.ZS,5.019
Mozambique,MOZ,GDP per capita (current US$),NY.GDP.PCAP.CD,462.4338765
Mozambique,MOZ,"Life expectancy at birth, total (years)",SP.DYN.LE00.IN,61.39
Mozambique,MOZ,"School enrollment, tertiary (% gross)",SE.TER.ENRR,..
Myanmar,MMR,Gini index,SI.POV.GINI,..
Myanmar,MMR,"Unemployment, total (% of total labor force) (modeled ILO estimate)",SL.UEM.TOTL.ZS,1.476
Myanmar,MMR,GDP per capita (current US$),NY.GDP.PCAP.CD,1490.216836
Myanmar,MMR,"Life expectancy at birth, total (years)",SP.DYN.LE00.IN,66.612
Myanmar,MMR,"School enrollment, tertiary (% gross)",SE.TER.ENRR,..
Namibia,NAM,Gini index,SI.POV.GINI,..
Namibia,NAM,"Unemployment, total (% of total labor force) (modeled ILO estimate)",SL.UEM.TOTL.ZS,21.003
Namibia,NAM,GDP per capita (current US$),NY.GDP.PCAP.CD,3878.58983
Namibia,NAM,"Life expectancy at birth, total (years)",SP.DYN.LE00.IN,64.071
Namibia,NAM,"School enrollment, tertiary (% gross)",SE.TER.ENRR,25.98704841
Nauru,NRU,Gini index,SI.POV.GINI,..
Nauru,NRU,"Unemployment, total (% of total labor force) (modeled ILO estimate)",SL.UEM.TOTL.ZS,..
Nauru,NRU,GDP per capita (current US$),NY.GDP.PCAP.CD,10709.06881
Nauru,NRU,"Life expectancy at birth, total (years)",SP.DYN.LE00.IN,61.527
Nauru,NRU,"School enrollment, tertiary (% gross)",SE.TER.ENRR,..
Nepal,NPL,Gini index,SI.POV.GINI,..
Nepal,NPL,"Unemployment, total (% of total labor force) (modeled ILO estimate)",SL.UEM.TOTL.ZS,13.037
Nepal,NPL,GDP per capita (current US$),NY.GDP.PCAP.CD,1154.215176
Nepal,NPL,"Life expectancy at birth, total (years)",SP.DYN.LE00.IN,69.106
Nepal,NPL,"School enrollment, tertiary (% gross)",SE.TER.ENRR,14.20023919
Netherlands,NLD,Gini index,SI.POV.GINI,26
Netherlands,NLD,"Unemployment, total (% of total labor force) (modeled ILO estimate)",SL.UEM.TOTL.ZS,3.82
Netherlands,NLD,GDP per capita (current US$),NY.GDP.PCAP.CD,53467.92774
Netherlands,NLD,"Life expectancy at birth, total (years)",SP.DYN.LE00.IN,81.35853659
Netherlands,NLD,"School enrollment, tertiary (% gross)",SE.TER.ENRR,85.33708191
New Caledonia,NCL,Gini index,SI.POV.GINI,..
New Caledonia,NCL,"Unemployment, total (% of total labor force) (modeled ILO estimate)",SL.UEM.TOTL.ZS,13.558
New Caledonia,NCL,GDP per capita (current US$),NY.GDP.PCAP.CD,33270.3306
New Caledonia,NCL,"Life expectancy at birth, total (years)",SP.DYN.LE00.IN,77.049
New Caledonia,NCL,"School enrollment, tertiary (% gross)",SE.TER.ENRR,..
New Zealand,NZL,Gini index,SI.POV.GINI,..
New Zealand,NZL,"Unemployment, total (% of total labor force) (modeled ILO estimate)",SL.UEM.TOTL.ZS,4.595
New Zealand,NZL,GDP per capita (current US$),NY.GDP.PCAP.CD,41997.78303
New Zealand,NZL,"Life expectancy at birth, total (years)",SP.DYN.LE00.IN,82.25609756
New Zealand,NZL,"School enrollment, tertiary (% gross)",SE.TER.ENRR,75.73483276
Nicaragua,NIC,Gini index,SI.POV.GINI,..
Nicaragua,NIC,"Unemployment, total (% of total labor force) (modeled ILO estimate)",SL.UEM.TOTL.ZS,6.18
Nicaragua,NIC,GDP per capita (current US$),NY.GDP.PCAP.CD,1938.447048
Nicaragua,NIC,"Life expectancy at birth, total (years)",SP.DYN.LE00.IN,70.766
Nicaragua,NIC,"School enrollment, tertiary (% gross)",SE.TER.ENRR,..
Niger,NER,Gini index,SI.POV.GINI,..
Niger,NER,"Unemployment, total (% of total labor force) (modeled ILO estimate)",SL.UEM.TOTL.ZS,0.591
Niger,NER,GDP per capita (current US$),NY.GDP.PCAP.CD,579.5124958
Niger,NER,"Life expectancy at birth, total (years)",SP.DYN.LE00.IN,59.89
Niger,NER,"School enrollment, tertiary (% gross)",SE.TER.ENRR,..
Nigeria,NGA,Gini index,SI.POV.GINI,..
Nigeria,NGA,"Unemployment, total (% of total labor force) (modeled ILO estimate)",SL.UEM.TOTL.ZS,5.714
Nigeria,NGA,GDP per capita (current US$),NY.GDP.PCAP.CD,2797.184581
Nigeria,NGA,"Life expectancy at birth, total (years)",SP.DYN.LE00.IN,53.072
Nigeria,NGA,"School enrollment, tertiary (% gross)",SE.TER.ENRR,..
North Macedonia,MKD,Gini index,SI.POV.GINI,..
North Macedonia,MKD,"Unemployment, total (% of total labor force) (modeled ILO estimate)",SL.UEM.TOTL.ZS,16.575
North Macedonia,MKD,GDP per capita (current US$),NY.GDP.PCAP.CD,6659.596511
North Macedonia,MKD,"Life expectancy at birth, total (years)",SP.DYN.LE00.IN,74.39512195
North Macedonia,MKD,"School enrollment, tertiary (% gross)",SE.TER.ENRR,43.78216934
Northern Mariana Islands,MNP,Gini index,SI.POV.GINI,..
Northern Mariana Islands,MNP,"Unemployment, total (% of total labor force) (modeled ILO estimate)",SL.UEM.TOTL.ZS,..
Northern Mariana Islands,MNP,GDP per capita (current US$),NY.GDP.PCAP.CD,18220.83824
Northern Mariana Islands,MNP,"Life expectancy at birth, total (years)",SP.DYN.LE00.IN,78.03
Northern Mariana Islands,MNP,"School enrollment, tertiary (% gross)",SE.TER.ENRR,..
Norway,NOR,Gini index,SI.POV.GINI,28.4
Norway,NOR,"Unemployment, total (% of total labor force) (modeled ILO estimate)",SL.UEM.TOTL.ZS,4.424
Norway,NOR,GDP per capita (current US$),NY.GDP.PCAP.CD,68340.0181
Norway,NOR,"Life expectancy at birth, total (years)",SP.DYN.LE00.IN,83.2097561
Norway,NOR,"School enrollment, tertiary (% gross)",SE.TER.ENRR,87.16853333
Oman,OMN,Gini index,SI.POV.GINI,..
Oman,OMN,"Unemployment, total (% of total labor force) (modeled ILO estimate)",SL.UEM.TOTL.ZS,2.94
Oman,OMN,GDP per capita (current US$),NY.GDP.PCAP.CD,16784.86306
Oman,OMN,"Life expectancy at birth, total (years)",SP.DYN.LE00.IN,77.763
Oman,OMN,"School enrollment, tertiary (% gross)",SE.TER.ENRR,48.37543974
Pakistan,PAK,Gini index,SI.POV.GINI,..
Pakistan,PAK,"Unemployment, total (% of total labor force) (modeled ILO estimate)",SL.UEM.TOTL.ZS,5.994
Pakistan,PAK,GDP per capita (current US$),NY.GDP.PCAP.CD,1278.397352
Pakistan,PAK,"Life expectancy at birth, total (years)",SP.DYN.LE00.IN,65.701
Pakistan,PAK,"School enrollment, tertiary (% gross)",SE.TER.ENRR,11.72459788
Palau,PLW,Gini index,SI.POV.GINI,..
Palau,PLW,"Unemployment, total (% of total labor force) (modeled ILO estimate)",SL.UEM.TOTL.ZS,..
Palau,PLW,GDP per capita (current US$),NY.GDP.PCAP.CD,14708.21195
Palau,PLW,"Life expectancy at birth, total (years)",SP.DYN.LE00.IN,68.689
Palau,PLW,"School enrollment, tertiary (% gross)",SE.TER.ENRR,..
Panama,PAN,Gini index,SI.POV.GINI,..
Panama,PAN,"Unemployment, total (% of total labor force) (modeled ILO estimate)",SL.UEM.TOTL.ZS,14.663
Panama,PAN,GDP per capita (current US$),NY.GDP.PCAP.CD,13290.56084
Panama,PAN,"Life expectancy at birth, total (years)",SP.DYN.LE00.IN,76.33
Panama,PAN,"School enrollment, tertiary (% gross)",SE.TER.ENRR,44.93729486
Papua New Guinea,PNG,Gini index,SI.POV.GINI,..
Papua New Guinea,PNG,"Unemployment, total (% of total labor force) (modeled ILO estimate)",SL.UEM.TOTL.ZS,2.903
Papua New Guinea,PNG,GDP per capita (current US$),NY.GDP.PCAP.CD,2429.611346
Papua New Guinea,PNG,"Life expectancy at birth, total (years)",SP.DYN.LE00.IN,65.075
Papua New Guinea,PNG,"School enrollment, tertiary (% gross)",SE.TER.ENRR,..
Paraguay,PRY,Gini index,SI.POV.GINI,43.5
Paraguay,PRY,"Unemployment, total (% of total labor force) (modeled ILO estimate)",SL.UEM.TOTL.ZS,7.548
Paraguay,PRY,GDP per capita (current US$),NY.GDP.PCAP.CD,5365.472207
Paraguay,PRY,"Life expectancy at birth, total (years)",SP.DYN.LE00.IN,72.72
Paraguay,PRY,"School enrollment, tertiary (% gross)",SE.TER.ENRR,..
Peru,PER,Gini index,SI.POV.GINI,43.7
Peru,PER,"Unemployment, total (% of total labor force) (modeled ILO estimate)",SL.UEM.TOTL.ZS,7.179
Peru,PER,GDP per capita (current US$),NY.GDP.PCAP.CD,6133.325524
Peru,PER,"Life expectancy at birth, total (years)",SP.DYN.LE00.IN,73.832
Peru,PER,"School enrollment, tertiary (% gross)",SE.TER.ENRR,..
Philippines,PHL,Gini index,SI.POV.GINI,..
Philippines,PHL,"Unemployment, total (% of total labor force) (modeled ILO estimate)",SL.UEM.TOTL.ZS,2.522
Philippines,PHL,GDP per capita (current US$),NY.GDP.PCAP.CD,3227.579102
Philippines,PHL,"Life expectancy at birth, total (years)",SP.DYN.LE00.IN,70.097
Philippines,PHL,"School enrollment, tertiary (% gross)",SE.TER.ENRR,31.63175985
Poland,POL,Gini index,SI.POV.GINI,28.5
Poland,POL,"Unemployment, total (% of total labor force) (modeled ILO estimate)",SL.UEM.TOTL.ZS,3.155
Poland,POL,GDP per capita (current US$),NY.GDP.PCAP.CD,16150.93048
Poland,POL,"Life expectancy at birth, total (years)",SP.DYN.LE00.IN,76.4
Poland,POL,"School enrollment, tertiary (% gross)",SE.TER.ENRR,70.97303772
Portugal,PRT,Gini index,SI.POV.GINI,34.7
Portugal,PRT,"Unemployment, total (% of total labor force) (modeled ILO estimate)",SL.UEM.TOTL.ZS,6.85
Portugal,PRT,GDP per capita (current US$),NY.GDP.PCAP.CD,22299.40441
Portugal,PRT,"Life expectancy at birth, total (years)",SP.DYN.LE00.IN,81.32926829
Portugal,PRT,"School enrollment, tertiary (% gross)",SE.TER.ENRR,68.15689087
Puerto Rico (US),PRI,Gini index,SI.POV.GINI,..
Puerto Rico (US),PRI,"Unemployment, total (% of total labor force) (modeled ILO estimate)",SL.UEM.TOTL.ZS,8.89
Puerto Rico (US),PRI,GDP per capita (current US$),NY.GDP.PCAP.CD,31427.11308
Puerto Rico (US),PRI,"Life expectancy at birth, total (years)",SP.DYN.LE00.IN,80.009
Puerto Rico (US),PRI,"School enrollment, tertiary (% gross)",SE.TER.ENRR,88.41485387
Qatar,QAT,Gini index,SI.POV.GINI,..
Qatar,QAT,"Unemployment, total (% of total labor force) (modeled ILO estimate)",SL.UEM.TOTL.ZS,0.14
Qatar,QAT,GDP per capita (current US$),NY.GDP.PCAP.CD,51683.56811
Qatar,QAT,"Life expectancy at birth, total (years)",SP.DYN.LE00.IN,80.409
Qatar,QAT,"School enrollment, tertiary (% gross)",SE.TER.ENRR,23.76492123
Romania,ROU,Gini index,SI.POV.GINI,34.6
Romania,ROU,"Unemployment, total (% of total labor force) (modeled ILO estimate)",SL.UEM.TOTL.ZS,5.035
Romania,ROU,GDP per capita (current US$),NY.GDP.PCAP.CD,13009.17706
Romania,ROU,"Life expectancy at birth, total (years)",SP.DYN.LE00.IN,74.25365854
Romania,ROU,"School enrollment, tertiary (% gross)",SE.TER.ENRR,53.49111176
Russian Federation,RUS,Gini index,SI.POV.GINI,33.7
Russian Federation,RUS,"Unemployment, total (% of total labor force) (modeled ILO estimate)",SL.UEM.TOTL.ZS,5.62
Russian Federation,RUS,GDP per capita (current US$),NY.GDP.PCAP.CD,10108.32715
Russian Federation,RUS,"Life expectancy at birth, total (years)",SP.DYN.LE00.IN,71.33878049
Russian Federation,RUS,"School enrollment, tertiary (% gross)",SE.TER.ENRR,57.22328547
Rwanda,RWA,Gini index,SI.POV.GINI,..
Rwanda,RWA,"Unemployment, total (% of total labor force) (modeled ILO estimate)",SL.UEM.TOTL.ZS,11.829
Rwanda,RWA,GDP per capita (current US$),NY.GDP.PCAP.CD,778.7014989
Rwanda,RWA,"Life expectancy at birth, total (years)",SP.DYN.LE00.IN,66.953
Rwanda,RWA,"School enrollment, tertiary (% gross)",SE.TER.ENRR,7.567095863
Samoa,WSM,Gini index,SI.POV.GINI,..
Samoa,WSM,"Unemployment, total (% of total labor force) (modeled ILO estimate)",SL.UEM.TOTL.ZS,7.467
Samoa,WSM,GDP per capita (current US$),NY.GDP.PCAP.CD,4099.596605
Samoa,WSM,"Life expectancy at birth, total (years)",SP.DYN.LE00.IN,70.727
Samoa,WSM,"School enrollment, tertiary (% gross)",SE.TER.ENRR,17.33034546
San Marino,SMR,Gini index,SI.POV.GINI,..
San Marino,SMR,"Unemployment, total (% of total labor force) (modeled ILO estimate)",SL.UEM.TOTL.ZS,..
San Marino,SMR,GDP per capita (current US$),NY.GDP.PCAP.CD,44326.95567
San Marino,SMR,"Life expectancy at birth, total (years)",SP.DYN.LE00.IN,82.65
San Marino,SMR,"School enrollment, tertiary (% gross)",SE.TER.ENRR,55.09609785
Sao Tome and Principe,STP,Gini index,SI.POV.GINI,..
Sao Tome and Principe,STP,"Unemployment, total (% of total labor force) (modeled ILO estimate)",SL.UEM.TOTL.ZS,9.679
Sao Tome and Principe,STP,GDP per capita (current US$),NY.GDP.PCAP.CD,2167.220018
Sao Tome and Principe,STP,"Life expectancy at birth, total (years)",SP.DYN.LE00.IN,67.979
Sao Tome and Principe,STP,"School enrollment, tertiary (% gross)",SE.TER.ENRR,..
Saudi Arabia,SAU,Gini index,SI.POV.GINI,..
Saudi Arabia,SAU,"Unemployment, total (% of total labor force) (modeled ILO estimate)",SL.UEM.TOTL.ZS,7.66
Saudi Arabia,SAU,GDP per capita (current US$),NY.GDP.PCAP.CD,24338.83073
Saudi Arabia,SAU,"Life expectancy at birth, total (years)",SP.DYN.LE00.IN,77.596
Saudi Arabia,SAU,"School enrollment, tertiary (% gross)",SE.TER.ENRR,73.75108664
Senegal,SEN,Gini index,SI.POV.GINI,..
Senegal,SEN,"Unemployment, total (% of total labor force) (modeled ILO estimate)",SL.UEM.TOTL.ZS,3.432
Senegal,SEN,GDP per capita (current US$),NY.GDP.PCAP.CD,1461.087204
Senegal,SEN,"Life expectancy at birth, total (years)",SP.DYN.LE00.IN,67.496
Senegal,SEN,"School enrollment, tertiary (% gross)",SE.TER.ENRR,13.31366249
Serbia,SRB,Gini index,SI.POV.GINI,35
Serbia,SRB,"Unemployment, total (% of total labor force) (modeled ILO estimate)",SL.UEM.TOTL.ZS,9.011
Serbia,SRB,GDP per capita (current US$),NY.GDP.PCAP.CD,8098.709557
Serbia,SRB,"Life expectancy at birth, total (years)",SP.DYN.LE00.IN,74.47804878
Serbia,SRB,"School enrollment, tertiary (% gross)",SE.TER.ENRR,68.14311218
Seychelles,SYC,Gini index,SI.POV.GINI,..
Seychelles,SYC,"Unemployment, total (% of total labor force) (modeled ILO estimate)",SL.UEM.TOTL.ZS,..
Seychelles,SYC,GDP per capita (current US$),NY.GDP.PCAP.CD,14041.47541
Seychelles,SYC,"Life expectancy at birth, total (years)",SP.DYN.LE00.IN,77.23658537
Seychelles,SYC,"School enrollment, tertiary (% gross)",SE.TER.ENRR,26.93426411
Sierra Leone,SLE,Gini index,SI.POV.GINI,..
Sierra Leone,SLE,"Unemployment, total (% of total labor force) (modeled ILO estimate)",SL.UEM.TOTL.ZS,3.509
Sierra Leone,SLE,GDP per capita (current US$),NY.GDP.PCAP.CD,845.2775579
Sierra Leone,SLE,"Life expectancy at birth, total (years)",SP.DYN.LE00.IN,59.694
Sierra Leone,SLE,"School enrollment, tertiary (% gross)",SE.TER.ENRR,..
Singapore,SGP,Gini index,SI.POV.GINI,..
Singapore,SGP,"Unemployment, total (% of total labor force) (modeled ILO estimate)",SL.UEM.TOTL.ZS,4.1
Singapore,SGP,GDP per capita (current US$),NY.GDP.PCAP.CD,61410.07926
Singapore,SGP,"Life expectancy at birth, total (years)",SP.DYN.LE00.IN,83.54390244
Singapore,SGP,"School enrollment, tertiary (% gross)",SE.TER.ENRR,93.13476718
Sint Maarten (Dutch part),SXM,Gini index,SI.POV.GINI,..
Sint Maarten (Dutch part),SXM,"Unemployment, total (% of total labor force) (modeled ILO estimate)",SL.UEM.TOTL.ZS,..
Sint Maarten (Dutch part),SXM,GDP per capita (current US$),NY.GDP.PCAP.CD,30150.89984
Sint Maarten (Dutch part),SXM,"Life expectancy at birth, total (years)",SP.DYN.LE00.IN,75.002
Sint Maarten (Dutch part),SXM,"School enrollment, tertiary (% gross)",SE.TER.ENRR,..
Slovak Republic,SVK,Gini index,SI.POV.GINI,24.2
Slovak Republic,SVK,"Unemployment, total (% of total labor force) (modeled ILO estimate)",SL.UEM.TOTL.ZS,6.719
Slovak Republic,SVK,GDP per capita (current US$),NY.GDP.PCAP.CD,19735.48583
Slovak Republic,SVK,"Life expectancy at birth, total (years)",SP.DYN.LE00.IN,76.86585366
Slovak Republic,SVK,"School enrollment, tertiary (% gross)",SE.TER.ENRR,48.37900162
Slovenia,SVN,Gini index,SI.POV.GINI,24
Slovenia,SVN,"Unemployment, total (% of total labor force) (modeled ILO estimate)",SL.UEM.TOTL.ZS,4.971
Slovenia,SVN,GDP per capita (current US$),NY.GDP.PCAP.CD,25392.06511
Slovenia,SVN,"Life expectancy at birth, total (years)",SP.DYN.LE00.IN,80.53170732
Slovenia,SVN,"School enrollment, tertiary (% gross)",SE.TER.ENRR,75.81668091
Solomon Islands,SLB,Gini index,SI.POV.GINI,..
Solomon Islands,SLB,"Unemployment, total (% of total labor force) (modeled ILO estimate)",SL.UEM.TOTL.ZS,0.868
Solomon Islands,SLB,GDP per capita (current US$),NY.GDP.PCAP.CD,2063.32781
Solomon Islands,SLB,"Life expectancy at birth, total (years)",SP.DYN.LE00.IN,69.258
Solomon Islands,SLB,"School enrollment, tertiary (% gross)",SE.TER.ENRR,..
"Somalia, Fed. Rep.",SOM,Gini index,SI.POV.GINI,..
"Somalia, Fed. Rep.",SOM,"Unemployment, total (% of total labor force) (modeled ILO estimate)",SL.UEM.TOTL.ZS,19.414
"Somalia, Fed. Rep.",SOM,GDP per capita (current US$),NY.GDP.PCAP.CD,518.1611333
"Somalia, Fed. Rep.",SOM,"Life expectancy at birth, total (years)",SP.DYN.LE00.IN,57.095
"Somalia, Fed. Rep.",SOM,"School enrollment, tertiary (% gross)",SE.TER.ENRR,..
South Africa,ZAF,Gini index,SI.POV.GINI,..
South Africa,ZAF,"Unemployment, total (% of total labor force) (modeled ILO estimate)",SL.UEM.TOTL.ZS,29.217
South Africa,ZAF,GDP per capita (current US$),NY.GDP.PCAP.CD,5580.603831
South Africa,ZAF,"Life expectancy at birth, total (years)",SP.DYN.LE00.IN,65.15
South Africa,ZAF,"School enrollment, tertiary (% gross)",SE.TER.ENRR,22.61487426
South Sudan,SSD,Gini index,SI.POV.GINI,..
South Sudan,SSD,"Unemployment, total (% of total labor force) (modeled ILO estimate)",SL.UEM.TOTL.ZS,14.246
South Sudan,SSD,GDP per capita (current US$),NY.GDP.PCAP.CD,..
South Sudan,SSD,"Life expectancy at birth, total (years)",SP.DYN.LE00.IN,57.648
South Sudan,SSD,"School enrollment, tertiary (% gross)",SE.TER.ENRR,..
Spain,ESP,Gini index,SI.POV.GINI,34.9
Spain,ESP,"Unemployment, total (% of total labor force) (modeled ILO estimate)",SL.UEM.TOTL.ZS,15.532
Spain,ESP,GDP per capita (current US$),NY.GDP.PCAP.CD,27233.94265
Spain,ESP,"Life expectancy at birth, total (years)",SP.DYN.LE00.IN,82.23170732
Spain,ESP,"School enrollment, tertiary (% gross)",SE.TER.ENRR,90.95484924
Sri Lanka,LKA,Gini index,SI.POV.GINI,..
Sri Lanka,LKA,"Unemployment, total (% of total labor force) (modeled ILO estimate)",SL.UEM.TOTL.ZS,5.364
Sri Lanka,LKA,GDP per capita (current US$),NY.GDP.PCAP.CD,3847.601377
Sri Lanka,LKA,"Life expectancy at birth, total (years)",SP.DYN.LE00.IN,76.928
Sri Lanka,LKA,"School enrollment, tertiary (% gross)",SE.TER.ENRR,20.16148793
St. Kitts and Nevis,KNA,Gini index,SI.POV.GINI,..
St. Kitts and Nevis,KNA,"Unemployment, total (% of total labor force) (modeled ILO estimate)",SL.UEM.TOTL.ZS,..
St. Kitts and Nevis,KNA,GDP per capita (current US$),NY.GDP.PCAP.CD,18859.01904
St. Kitts and Nevis,KNA,"Life expectancy at birth, total (years)",SP.DYN.LE00.IN,71.181
St. Kitts and Nevis,KNA,"School enrollment, tertiary (% gross)",SE.TER.ENRR,..
St. Lucia,LCA,Gini index,SI.POV.GINI,..
St. Lucia,LCA,"Unemployment, total (% of total labor force) (modeled ILO estimate)",SL.UEM.TOTL.ZS,25.224
St. Lucia,LCA,GDP per capita (current US$),NY.GDP.PCAP.CD,8411.074749
St. Lucia,LCA,"Life expectancy at birth, total (years)",SP.DYN.LE00.IN,72.308
St. Lucia,LCA,"School enrollment, tertiary (% gross)",SE.TER.ENRR,16.81996918
St. Martin (French part),MAF,Gini index,SI.POV.GINI,..
St. Martin (French part),MAF,"Unemployment, total (% of total labor force) (modeled ILO estimate)",SL.UEM.TOTL.ZS,..
St. Martin (French part),MAF,GDP per capita (current US$),NY.GDP.PCAP.CD,..
St. Martin (French part),MAF,"Life expectancy at birth, total (years)",SP.DYN.LE00.IN,80.085
St. Martin (French part),MAF,"School enrollment, tertiary (% gross)",SE.TER.ENRR,..
St. Vincent and the Grenadines,VCT,Gini index,SI.POV.GINI,..
St. Vincent and the Grenadines,VCT,"Unemployment, total (% of total labor force) (modeled ILO estimate)",SL.UEM.TOTL.ZS,20.635
St. Vincent and the Grenadines,VCT,GDP per capita (current US$),NY.GDP.PCAP.CD,8351.20324
St. Vincent and the Grenadines,VCT,"Life expectancy at birth, total (years)",SP.DYN.LE00.IN,69.605
St. Vincent and the Grenadines,VCT,"School enrollment, tertiary (% gross)",SE.TER.ENRR,..
Sudan,SDN,Gini index,SI.POV.GINI,..
Sudan,SDN,"Unemployment, total (% of total labor force) (modeled ILO estimate)",SL.UEM.TOTL.ZS,11.995
Sudan,SDN,GDP per capita (current US$),NY.GDP.PCAP.CD,577.7952271
Sudan,SDN,"Life expectancy at birth, total (years)",SP.DYN.LE00.IN,65.124
Sudan,SDN,"School enrollment, tertiary (% gross)",SE.TER.ENRR,..
Suriname,SUR,Gini index,SI.POV.GINI,..
Suriname,SUR,"Unemployment, total (% of total labor force) (modeled ILO estimate)",SL.UEM.TOTL.ZS,8.973
Suriname,SUR,GDP per capita (current US$),NY.GDP.PCAP.CD,4755.392217
Suriname,SUR,"Life expectancy at birth, total (years)",SP.DYN.LE00.IN,72.321
Suriname,SUR,"School enrollment, tertiary (% gross)",SE.TER.ENRR,5.305747126
Sweden,SWE,Gini index,SI.POV.GINI,28.9
Sweden,SWE,"Unemployment, total (% of total labor force) (modeled ILO estimate)",SL.UEM.TOTL.ZS,8.291
Sweden,SWE,GDP per capita (current US$),NY.GDP.PCAP.CD,52568.5727
Sweden,SWE,"Life expectancy at birth, total (years)",SP.DYN.LE00.IN,82.35609756
Sweden,SWE,"School enrollment, tertiary (% gross)",SE.TER.ENRR,79.11963654
Switzerland,CHE,Gini index,SI.POV.GINI,33.7
Switzerland,CHE,"Unemployment, total (% of total labor force) (modeled ILO estimate)",SL.UEM.TOTL.ZS,4.817
Switzerland,CHE,GDP per capita (current US$),NY.GDP.PCAP.CD,85897.78433
Switzerland,CHE,"Life expectancy at birth, total (years)",SP.DYN.LE00.IN,83
Switzerland,CHE,"School enrollment, tertiary (% gross)",SE.TER.ENRR,68.06764221
Syrian Arab Republic,SYR,Gini index,SI.POV.GINI,..
Syrian Arab Republic,SYR,"Unemployment, total (% of total labor force) (modeled ILO estimate)",SL.UEM.TOTL.ZS,15.179
Syrian Arab Republic,SYR,GDP per capita (current US$),NY.GDP.PCAP.CD,572.3552898
Syrian Arab Republic,SYR,"Life expectancy at birth, total (years)",SP.DYN.LE00.IN,71.944
Syrian Arab Republic,SYR,"School enrollment, tertiary (% gross)",SE.TER.ENRR,..
Tajikistan,TJK,Gini index,SI.POV.GINI,..
Tajikistan,TJK,"Unemployment, total (% of total labor force) (modeled ILO estimate)",SL.UEM.TOTL.ZS,7.576
Tajikistan,TJK,GDP per capita (current US$),NY.GDP.PCAP.CD,834.3117155
Tajikistan,TJK,"Life expectancy at birth, total (years)",SP.DYN.LE00.IN,68.605
Tajikistan,TJK,"School enrollment, tertiary (% gross)",SE.TER.ENRR,34.66764582
Tanzania,TZA,Gini index,SI.POV.GINI,..
Tanzania,TZA,"Unemployment, total (% of total labor force) (modeled ILO estimate)",SL.UEM.TOTL.ZS,1.792
Tanzania,TZA,GDP per capita (current US$),NY.GDP.PCAP.CD,1117.415283
Tanzania,TZA,"Life expectancy at birth, total (years)",SP.DYN.LE00.IN,66.771
Tanzania,TZA,"School enrollment, tertiary (% gross)",SE.TER.ENRR,7.181882658
Thailand,THA,Gini index,SI.POV.GINI,35
Thailand,THA,"Unemployment, total (% of total labor force) (modeled ILO estimate)",SL.UEM.TOTL.ZS,1.099
Thailand,THA,GDP per capita (current US$),NY.GDP.PCAP.CD,6985.643939
Thailand,THA,"Life expectancy at birth, total (years)",SP.DYN.LE00.IN,77.331
Thailand,THA,"School enrollment, tertiary (% gross)",SE.TER.ENRR,42.59008788
Timor-Leste,TLS,Gini index,SI.POV.GINI,..
Timor-Leste,TLS,"Unemployment, total (% of total labor force) (modeled ILO estimate)",SL.UEM.TOTL.ZS,2.808
Timor-Leste,TLS,GDP per capita (current US$),NY.GDP.PCAP.CD,1630.869385
Timor-Leste,TLS,"Life expectancy at birth, total (years)",SP.DYN.LE00.IN,66.919
Timor-Leste,TLS,"School enrollment, tertiary (% gross)",SE.TER.ENRR,..
Togo,TGO,Gini index,SI.POV.GINI,..
Togo,TGO,"Unemployment, total (% of total labor force) (modeled ILO estimate)",SL.UEM.TOTL.ZS,2.231
Togo,TGO,GDP per capita (current US$),NY.GDP.PCAP.CD,863.4686659
Togo,TGO,"Life expectancy at birth, total (years)",SP.DYN.LE00.IN,61.123
Togo,TGO,"School enrollment, tertiary (% gross)",SE.TER.ENRR,14.90298978
Tonga,TON,Gini index,SI.POV.GINI,..
Tonga,TON,"Unemployment, total (% of total labor force) (modeled ILO estimate)",SL.UEM.TOTL.ZS,2.712
Tonga,TON,GDP per capita (current US$),NY.GDP.PCAP.CD,4792.358547
Tonga,TON,"Life expectancy at birth, total (years)",SP.DYN.LE00.IN,72.379
Tonga,TON,"School enrollment, tertiary (% gross)",SE.TER.ENRR,21.27829865
Trinidad and Tobago,TTO,Gini index,SI.POV.GINI,..
Trinidad and Tobago,TTO,"Unemployment, total (% of total labor force) (modeled ILO estimate)",SL.UEM.TOTL.ZS,4.206
Trinidad and Tobago,TTO,GDP per capita (current US$),NY.GDP.PCAP.CD,15283.62705
Trinidad and Tobago,TTO,"Life expectancy at birth, total (years)",SP.DYN.LE00.IN,72.645
Trinidad and Tobago,TTO,"School enrollment, tertiary (% gross)",SE.TER.ENRR,..
Tunisia,TUN,Gini index,SI.POV.GINI,..
Tunisia,TUN,"Unemployment, total (% of total labor force) (modeled ILO estimate)",SL.UEM.TOTL.ZS,17.651
Tunisia,TUN,GDP per capita (current US$),NY.GDP.PCAP.CD,3548.653637
Tunisia,TUN,"Life expectancy at birth, total (years)",SP.DYN.LE00.IN,75.004
Tunisia,TUN,"School enrollment, tertiary (% gross)",SE.TER.ENRR,32.51819992
Turkiye,TUR,Gini index,SI.POV.GINI,43
Turkiye,TUR,"Unemployment, total (% of total labor force) (modeled ILO estimate)",SL.UEM.TOTL.ZS,13.148
Turkiye,TUR,GDP per capita (current US$),NY.GDP.PCAP.CD,8798.117917
Turkiye,TUR,"Life expectancy at birth, total (years)",SP.DYN.LE00.IN,76.525
Turkiye,TUR,"School enrollment, tertiary (% gross)",SE.TER.ENRR,118.8836823
Turkmenistan,TKM,Gini index,SI.POV.GINI,..
Turkmenistan,TKM,"Unemployment, total (% of total labor force) (modeled ILO estimate)",SL.UEM.TOTL.ZS,4.489
Turkmenistan,TKM,GDP per capita (current US$),NY.GDP.PCAP.CD,5972.723566
Turkmenistan,TKM,"Life expectancy at birth, total (years)",SP.DYN.LE00.IN,68.846
Turkmenistan,TKM,"School enrollment, tertiary (% gross)",SE.TER.ENRR,12.40857026
Turks and Caicos Islands,TCA,Gini index,SI.POV.GINI,..
Turks and Caicos Islands,TCA,"Unemployment, total (% of total labor force) (modeled ILO estimate)",SL.UEM.TOTL.ZS,..
Turks and Caicos Islands,TCA,GDP per capita (current US$),NY.GDP.PCAP.CD,20690.91605
Turks and Caicos Islands,TCA,"Life expectancy at birth, total (years)",SP.DYN.LE00.IN,77.499
Turks and Caicos Islands,TCA,"School enrollment, tertiary (% gross)",SE.TER.ENRR,..
Tuvalu,TUV,Gini index,SI.POV.GINI,..
Tuvalu,TUV,"Unemployment, total (% of total labor force) (modeled ILO estimate)",SL.UEM.TOTL.ZS,..
Tuvalu,TUV,GDP per capita (current US$),NY.GDP.PCAP.CD,4976.112541
Tuvalu,TUV,"Life expectancy at birth, total (years)",SP.DYN.LE00.IN,66.357
Tuvalu,TUV,"School enrollment, tertiary (% gross)",SE.TER.ENRR,..
Uganda,UGA,Gini index,SI.POV.GINI,..
Uganda,UGA,"Unemployment, total (% of total labor force) (modeled ILO estimate)",SL.UEM.TOTL.ZS,3.819
Uganda,UGA,GDP per capita (current US$),NY.GDP.PCAP.CD,845.7664639
Uganda,UGA,"Life expectancy at birth, total (years)",SP.DYN.LE00.IN,66.41
Uganda,UGA,"School enrollment, tertiary (% gross)",SE.TER.ENRR,..
Ukraine,UKR,Gini index,SI.POV.GINI,25.6
Ukraine,UKR,"Unemployment, total (% of total labor force) (modeled ILO estimate)",SL.UEM.TOTL.ZS,9.475
Ukraine,UKR,GDP per capita (current US$),NY.GDP.PCAP.CD,3709.769287
Ukraine,UKR,"Life expectancy at birth, total (years)",SP.DYN.LE00.IN,73.283
Ukraine,UKR,"School enrollment, tertiary (% gross)",SE.TER.ENRR,82.13459922
United Arab Emirates,ARE,Gini index,SI.POV.GINI,..
United Arab Emirates,ARE,"Unemployment, total (% of total labor force) (modeled ILO estimate)",SL.UEM.TOTL.ZS,4.294
United Arab Emirates,ARE,GDP per capita (current US$),NY.GDP.PCAP.CD,37991.7493
United Arab Emirates,ARE,"Life expectancy at birth, total (years)",SP.DYN.LE00.IN,81.936
United Arab Emirates,ARE,"School enrollment, tertiary (% gross)",SE.TER.ENRR,54.97469981
United Kingdom,GBR,Gini index,SI.POV.GINI,32.6
United Kingdom,GBR,"Unemployment, total (% of total labor force) (modeled ILO estimate)",SL.UEM.TOTL.ZS,4.472
United Kingdom,GBR,GDP per capita (current US$),NY.GDP.PCAP.CD,40812.67947
United Kingdom,GBR,"Life expectancy at birth, total (years)",SP.DYN.LE00.IN,80.3317561
United Kingdom,GBR,"School enrollment, tertiary (% gross)",SE.TER.ENRR,69.37016296
United States,USA,Gini index,SI.POV.GINI,40
United States,USA,"Unemployment, total (% of total labor force) (modeled ILO estimate)",SL.UEM.TOTL.ZS,8.055
United States,USA,GDP per capita (current US$),NY.GDP.PCAP.CD,63515.94918
United States,USA,"Life expectancy at birth, total (years)",SP.DYN.LE00.IN,76.9804878
United States,USA,"School enrollment, tertiary (% gross)",SE.TER.ENRR,87.56765747
Uruguay,URY,Gini index,SI.POV.GINI,40.2
Uruguay,URY,"Unemployment, total (% of total labor force) (modeled ILO estimate)",SL.UEM.TOTL.ZS,10.413
Uruguay,URY,GDP per capita (current US$),NY.GDP.PCAP.CD,15757.5356
Uruguay,URY,"Life expectancy at birth, total (years)",SP.DYN.LE00.IN,78.381
Uruguay,URY,"School enrollment, tertiary (% gross)",SE.TER.ENRR,64.93321501
Uzbekistan,UZB,Gini index,SI.POV.GINI,..
Uzbekistan,UZB,"Unemployment, total (% of total labor force) (modeled ILO estimate)",SL.UEM.TOTL.ZS,5.293
Uzbekistan,UZB,GDP per capita (current US$),NY.GDP.PCAP.CD,1978.280519
Uzbekistan,UZB,"Life expectancy at birth, total (years)",SP.DYN.LE00.IN,71.461
Uzbekistan,UZB,"School enrollment, tertiary (% gross)",SE.TER.ENRR,15.97209571
Vanuatu,VUT,Gini index,SI.POV.GINI,..
Vanuatu,VUT,"Unemployment, total (% of total labor force) (modeled ILO estimate)",SL.UEM.TOTL.ZS,4.046
Vanuatu,VUT,GDP per capita (current US$),NY.GDP.PCAP.CD,3042.987116
Vanuatu,VUT,"Life expectancy at birth, total (years)",SP.DYN.LE00.IN,70.385
Vanuatu,VUT,"School enrollment, tertiary (% gross)",SE.TER.ENRR,..
"Venezuela, RB",VEN,Gini index,SI.POV.GINI,..
"Venezuela, RB",VEN,"Unemployment, total (% of total labor force) (modeled ILO estimate)",SL.UEM.TOTL.ZS,7.53
"Venezuela, RB",VEN,GDP per capita (current US$),NY.GDP.PCAP.CD,1506.043621
"Venezuela, RB",VEN,"Life expectancy at birth, total (years)",SP.DYN.LE00.IN,72.369
"Venezuela, RB",VEN,"School enrollment, tertiary (% gross)",SE.TER.ENRR,..
Viet Nam,VNM,Gini index,SI.POV.GINI,36.8
Viet Nam,VNM,"Unemployment, total (% of total labor force) (modeled ILO estimate)",SL.UEM.TOTL.ZS,2.103
Viet Nam,VNM,GDP per capita (current US$),NY.GDP.PCAP.CD,3534.039535
Viet Nam,VNM,"Life expectancy at birth, total (years)",SP.DYN.LE00.IN,75.383
Viet Nam,VNM,"School enrollment, tertiary (% gross)",SE.TER.ENRR,..
Virgin Islands (U.S.),VIR,Gini index,SI.POV.GINI,..
Virgin Islands (U.S.),VIR,"Unemployment, total (% of total labor force) (modeled ILO estimate)",SL.UEM.TOTL.ZS,14.366
Virgin Islands (U.S.),VIR,GDP per capita (current US$),NY.GDP.PCAP.CD,39787.37417
Virgin Islands (U.S.),VIR,"Life expectancy at birth, total (years)",SP.DYN.LE00.IN,79.8195122
Virgin Islands (U.S.),VIR,"School enrollment, tertiary (% gross)",SE.TER.ENRR,..
West Bank and Gaza,PSE,Gini index,SI.POV.GINI,..
West Bank and Gaza,PSE,"Unemployment, total (% of total labor force) (modeled ILO estimate)",SL.UEM.TOTL.ZS,25.895
West Bank and Gaza,PSE,GDP per capita (current US$),NY.GDP.PCAP.CD,3233.568638
West Bank and Gaza,PSE,"Life expectancy at birth, total (years)",SP.DYN.LE00.IN,74.998
West Bank and Gaza,PSE,"School enrollment, tertiary (% gross)",SE.TER.ENRR,45.38953605
"Yemen, Rep.",YEM,Gini index,SI.POV.GINI,..
"Yemen, Rep.",YEM,"Unemployment, total (% of total labor force) (modeled ILO estimate)",SL.UEM.TOTL.ZS,17.963
"Yemen, Rep.",YEM,GDP per capita (current US$),NY.GDP.PCAP.CD,..
"Yemen, Rep.",YEM,"Life expectancy at birth, total (years)",SP.DYN.LE00.IN,66.435
"Yemen, Rep.",YEM,"School enrollment, tertiary (% gross)",SE.TER.ENRR,..
Zambia,ZMB,Gini index,SI.POV.GINI,..
Zambia,ZMB,"Unemployment, total (% of total labor force) (modeled ILO estimate)",SL.UEM.TOTL.ZS,6.032
Zambia,ZMB,GDP per capita (current US$),NY.GDP.PCAP.CD,951.6443167
Zambia,ZMB,"Life expectancy at birth, total (years)",SP.DYN.LE00.IN,63.361
Zambia,ZMB,"School enrollment, tertiary (% gross)",SE.TER.ENRR,..
Zimbabwe,ZWE,Gini index,SI.POV.GINI,..
Zimbabwe,ZWE,"Unemployment, total (% of total labor force) (modeled ILO estimate)",SL.UEM.TOTL.ZS,8.617
Zimbabwe,ZWE,GDP per capita (current US$),NY.GDP.PCAP.CD,2059.674454
Zimbabwe,ZWE,"Life expectancy at birth, total (years)",SP.DYN.LE00.IN,61.53
Zimbabwe,ZWE,"School enrollment, tertiary (% gross)",SE.TER.ENRR,..
Africa Eastern and Southern,AFE,Gini index,SI.POV.GINI,..
Africa Eastern and Southern,AFE,"Unemployment, total (% of total labor force) (modeled ILO estimate)",SL.UEM.TOTL.ZS,7.974301641
Africa Eastern and Southern,AFE,GDP per capita (current US$),NY.GDP.PCAP.CD,1351.591669
Africa Eastern and Southern,AFE,"Life expectancy at birth, total (years)",SP.DYN.LE00.IN,63.766484
Africa Eastern and Southern,AFE,"School enrollment, tertiary (% gross)",SE.TER.ENRR,8.711870193
Africa Western and Central,AFW,Gini index,SI.POV.GINI,..
Africa Western and Central,AFW,"Unemployment, total (% of total labor force) (modeled ILO estimate)",SL.UEM.TOTL.ZS,4.795318012
Africa Western and Central,AFW,GDP per capita (current US$),NY.GDP.PCAP.CD,2030.861659
Africa Western and Central,AFW,"Life expectancy at birth, total (years)",SP.DYN.LE00.IN,57.3644254
Africa Western and Central,AFW,"School enrollment, tertiary (% gross)",SE.TER.ENRR,9.935379982
Arab World,ARB,Gini index,SI.POV.GINI,..
Arab World,ARB,"Unemployment, total (% of total labor force) (modeled ILO estimate)",SL.UEM.TOTL.ZS,11.29515036
Arab World,ARB,GDP per capita (current US$),NY.GDP.PCAP.CD,5739.412836
Arab World,ARB,"Life expectancy at birth, total (years)",SP.DYN.LE00.IN,70.72655881
Arab World,ARB,"School enrollment, tertiary (% gross)",SE.TER.ENRR,32.78699112
Caribbean small states,CSS,Gini index,SI.POV.GINI,..
Caribbean small states,CSS,"Unemployment, total (% of total labor force) (modeled ILO estimate)",SL.UEM.TOTL.ZS,9.951815927
Caribbean small states,CSS,GDP per capita (current US$),NY.GDP.PCAP.CD,11957.22322
Caribbean small states,CSS,"Life expectancy at birth, total (years)",SP.DYN.LE00.IN,71.93943593
Caribbean small states,CSS,"School enrollment, tertiary (% gross)",SE.TER.ENRR,..
Central Europe and the Baltics,CEB,Gini index,SI.POV.GINI,..
Central Europe and the Baltics,CEB,"Unemployment, total (% of total labor force) (modeled ILO estimate)",SL.UEM.TOTL.ZS,4.349642122
Central Europe and the Baltics,CEB,GDP per capita (current US$),NY.GDP.PCAP.CD,16581.35261
Central Europe and the Baltics,CEB,"Life expectancy at birth, total (years)",SP.DYN.LE00.IN,76.01627013
Central Europe and the Baltics,CEB,"School enrollment, tertiary (% gross)",SE.TER.ENRR,65.59493256
Early-demographic dividend,EAR,Gini index,SI.POV.GINI,..
Early-demographic dividend,EAR,"Unemployment, total (% of total labor force) (modeled ILO estimate)",SL.UEM.TOTL.ZS,7.364170865
Early-demographic dividend,EAR,GDP per capita (current US$),NY.GDP.PCAP.CD,3187.037812
Early-demographic dividend,EAR,"Life expectancy at birth, total (years)",SP.DYN.LE00.IN,69.88013085
Early-demographic dividend,EAR,"School enrollment, tertiary (% gross)",SE.TER.ENRR,32.23989868
East Asia & Pacific,EAS,Gini index,SI.POV.GINI,..
East Asia & Pacific,EAS,"Unemployment, total (% of total labor force) (modeled ILO estimate)",SL.UEM.TOTL.ZS,4.296583403
East Asia & Pacific,EAS,GDP per capita (current US$),NY.GDP.PCAP.CD,11639.48534
East Asia & Pacific,EAS,"Life expectancy at birth, total (years)",SP.DYN.LE00.IN,76.54339469
East Asia & Pacific,EAS,"School enrollment, tertiary (% gross)",SE.TER.ENRR,52.65187836
East Asia & Pacific (excluding high income),EAP,Gini index,SI.POV.GINI,..
East Asia & Pacific (excluding high income),EAP,"Unemployment, total (% of total labor force) (modeled ILO estimate)",SL.UEM.TOTL.ZS,4.369436974
East Asia & Pacific (excluding high income),EAP,GDP per capita (current US$),NY.GDP.PCAP.CD,8391.276346
East Asia & Pacific (excluding high income),EAP,"Life expectancy at birth, total (years)",SP.DYN.LE00.IN,75.69763933
East Asia & Pacific (excluding high income),EAP,"School enrollment, tertiary (% gross)",SE.TER.ENRR,50.36848831
East Asia & Pacific (IDA & IBRD countries),TEA,Gini index,SI.POV.GINI,..
East Asia & Pacific (IDA & IBRD countries),TEA,"Unemployment, total (% of total labor force) (modeled ILO estimate)",SL.UEM.TOTL.ZS,4.381036359
East Asia & Pacific (IDA & IBRD countries),TEA,GDP per capita (current US$),NY.GDP.PCAP.CD,8485.328552
East Asia & Pacific (IDA & IBRD countries),TEA,"Life expectancy at birth, total (years)",SP.DYN.LE00.IN,75.73384971
East Asia & Pacific (IDA & IBRD countries),TEA,"School enrollment, tertiary (% gross)",SE.TER.ENRR,50.6974411
Euro area,EMU,Gini index,SI.POV.GINI,..
Euro area,EMU,"Unemployment, total (% of total labor force) (modeled ILO estimate)",SL.UEM.TOTL.ZS,7.834442102
Euro area,EMU,GDP per capita (current US$),NY.GDP.PCAP.CD,38236.5543
Euro area,EMU,"Life expectancy at birth, total (years)",SP.DYN.LE00.IN,81.48735717
Euro area,EMU,"School enrollment, tertiary (% gross)",SE.TER.ENRR,76.9254837
Europe & Central Asia,ECS,Gini index,SI.POV.GINI,..
Europe & Central Asia,ECS,"Unemployment, total (% of total labor force) (modeled ILO estimate)",SL.UEM.TOTL.ZS,7.095066995
Europe & Central Asia,ECS,GDP per capita (current US$),NY.GDP.PCAP.CD,24167.35512
Europe & Central Asia,ECS,"Life expectancy at birth, total (years)",SP.DYN.LE00.IN,77.17553132
Europe & Central Asia,ECS,"School enrollment, tertiary (% gross)",SE.TER.ENRR,75.65361023
Europe & Central Asia (excluding high income),ECA,Gini index,SI.POV.GINI,..
Europe & Central Asia (excluding high income),ECA,"Unemployment, total (% of total labor force) (modeled ILO estimate)",SL.UEM.TOTL.ZS,9.268142251
Europe & Central Asia (excluding high income),ECA,GDP per capita (current US$),NY.GDP.PCAP.CD,5776.193438
Europe & Central Asia (excluding high income),ECA,"Life expectancy at birth, total (years)",SP.DYN.LE00.IN,73.55368687
Europe & Central Asia (excluding high income),ECA,"School enrollment, tertiary (% gross)",SE.TER.ENRR,74.50843811
Europe & Central Asia (IDA & IBRD countries),TEC,Gini index,SI.POV.GINI,..
Europe & Central Asia (IDA & IBRD countries),TEC,"Unemployment, total (% of total labor force) (modeled ILO estimate)",SL.UEM.TOTL.ZS,7.202916794
Europe & Central Asia (IDA & IBRD countries),TEC,GDP per capita (current US$),NY.GDP.PCAP.CD,8478.350387
Europe & Central Asia (IDA & IBRD countries),TEC,"Life expectancy at birth, total (years)",SP.DYN.LE00.IN,73.14925125
Europe & Central Asia (IDA & IBRD countries),TEC,"School enrollment, tertiary (% gross)",SE.TER.ENRR,76.05066681
European Union,EUU,Gini index,SI.POV.GINI,..
European Union,EUU,"Unemployment, total (% of total labor force) (modeled ILO estimate)",SL.UEM.TOTL.ZS,7.054713567
European Union,EUU,GDP per capita (current US$),NY.GDP.PCAP.CD,34694.70359
European Union,EUU,"Life expectancy at birth, total (years)",SP.DYN.LE00.IN,80.44147547
European Union,EUU,"School enrollment, tertiary (% gross)",SE.TER.ENRR,75.00710297
Fragile and conflict affected situations,FCS,Gini index,SI.POV.GINI,..
Fragile and conflict affected situations,FCS,"Unemployment, total (% of total labor force) (modeled ILO estimate)",SL.UEM.TOTL.ZS,6.656579575
Fragile and conflict affected situations,FCS,GDP per capita (current US$),NY.GDP.PCAP.CD,1618.479804
Fragile and conflict affected situations,FCS,"Life expectancy at birth, total (years)",SP.DYN.LE00.IN,62.06636829
Fragile and conflict affected situations,FCS,"School enrollment, tertiary (% gross)",SE.TER.ENRR,..
Heavily indebted poor countries (HIPC),HPC,Gini index,SI.POV.GINI,..
Heavily indebted poor countries (HIPC),HPC,"Unemployment, total (% of total labor force) (modeled ILO estimate)",SL.UEM.TOTL.ZS,5.018281494
Heavily indebted poor countries (HIPC),HPC,GDP per capita (current US$),NY.GDP.PCAP.CD,962.5902265
Heavily indebted poor countries (HIPC),HPC,"Life expectancy at birth, total (years)",SP.DYN.LE00.IN,63.07263197
Heavily indebted poor countries (HIPC),HPC,"School enrollment, tertiary (% gross)",SE.TER.ENRR,8.931810379
High income,HIC,Gini index,SI.POV.GINI,..
High income,HIC,"Unemployment, total (% of total labor force) (modeled ILO estimate)",SL.UEM.TOTL.ZS,6.460294103
High income,HIC,GDP per capita (current US$),NY.GDP.PCAP.CD,40108.23486
High income,HIC,"Life expectancy at birth, total (years)",SP.DYN.LE00.IN,79.20431167
High income,HIC,"School enrollment, tertiary (% gross)",SE.TER.ENRR,78.89421082
IBRD only,IBD,Gini index,SI.POV.GINI,..
IBRD only,IBD,"Unemployment, total (% of total labor force) (modeled ILO estimate)",SL.UEM.TOTL.ZS,6.951284076
IBRD only,IBD,GDP per capita (current US$),NY.GDP.PCAP.CD,6191.510884
IBRD only,IBD,"Life expectancy at birth, total (years)",SP.DYN.LE00.IN,73.2951357
IBRD only,IBD,"School enrollment, tertiary (% gross)",SE.TER.ENRR,45.77534103
IDA & IBRD total,IBT,Gini index,SI.POV.GINI,..
IDA & IBRD total,IBT,"Unemployment, total (% of total labor force) (modeled ILO estimate)",SL.UEM.TOTL.ZS,6.613625461
IDA & IBRD total,IBT,GDP per capita (current US$),NY.GDP.PCAP.CD,4923.572184
IDA & IBRD total,IBT,"Life expectancy at birth, total (years)",SP.DYN.LE00.IN,70.74882824
IDA & IBRD total,IBT,"School enrollment, tertiary (% gross)",SE.TER.ENRR,34.8817215
IDA blend,IDB,Gini index,SI.POV.GINI,..
IDA blend,IDB,"Unemployment, total (% of total labor force) (modeled ILO estimate)",SL.UEM.TOTL.ZS,5.794152788
IDA blend,IDB,GDP per capita (current US$),NY.GDP.PCAP.CD,2008.896327
IDA blend,IDB,"Life expectancy at birth, total (years)",SP.DYN.LE00.IN,60.81800661
IDA blend,IDB,"School enrollment, tertiary (% gross)",SE.TER.ENRR,11.18542957
IDA only,IDX,Gini index,SI.POV.GINI,..
IDA only,IDX,"Unemployment, total (% of total labor force) (modeled ILO estimate)",SL.UEM.TOTL.ZS,5.366690558
IDA only,IDX,GDP per capita (current US$),NY.GDP.PCAP.CD,1170.980515
IDA only,IDX,"Life expectancy at birth, total (years)",SP.DYN.LE00.IN,65.41147907
IDA only,IDX,"School enrollment, tertiary (% gross)",SE.TER.ENRR,12.10091972
IDA total,IDA,Gini index,SI.POV.GINI,..
IDA total,IDA,"Unemployment, total (% of total labor force) (modeled ILO estimate)",SL.UEM.TOTL.ZS,5.518856386
IDA total,IDA,GDP per capita (current US$),NY.GDP.PCAP.CD,1464.522614
IDA total,IDA,"Life expectancy at birth, total (years)",SP.DYN.LE00.IN,63.80227499
IDA total,IDA,"School enrollment, tertiary (% gross)",SE.TER.ENRR,11.80634975
Late-demographic dividend,LTE,Gini index,SI.POV.GINI,..
Late-demographic dividend,LTE,"Unemployment, total (% of total labor force) (modeled ILO estimate)",SL.UEM.TOTL.ZS,5.931537625
Late-demographic dividend,LTE,GDP per capita (current US$),NY.GDP.PCAP.CD,9873.935199
Late-demographic dividend,LTE,"Life expectancy at birth, total (years)",SP.DYN.LE00.IN,76.69356381
Late-demographic dividend,LTE,"School enrollment, tertiary (% gross)",SE.TER.ENRR,57.88647842
Latin America & Caribbean,LCN,Gini index,SI.POV.GINI,..
Latin America & Caribbean,LCN,"Unemployment, total (% of total labor force) (modeled ILO estimate)",SL.UEM.TOTL.ZS,10.2140728
Latin America & Caribbean,LCN,GDP per capita (current US$),NY.GDP.PCAP.CD,7168.647406
Latin America & Caribbean,LCN,"Life expectancy at birth, total (years)",SP.DYN.LE00.IN,73.18893677
Latin America & Caribbean,LCN,"School enrollment, tertiary (% gross)",SE.TER.ENRR,54.86865997
Latin America & Caribbean (excluding high income),LAC,Gini index,SI.POV.GINI,..
Latin America & Caribbean (excluding high income),LAC,"Unemployment, total (% of total labor force) (modeled ILO estimate)",SL.UEM.TOTL.ZS,10.20915878
Latin America & Caribbean (excluding high income),LAC,GDP per capita (current US$),NY.GDP.PCAP.CD,6904.276774
Latin America & Caribbean (excluding high income),LAC,"Life expectancy at birth, total (years)",SP.DYN.LE00.IN,72.87592173
Latin America & Caribbean (excluding high income),LAC,"School enrollment, tertiary (% gross)",SE.TER.ENRR,52.80432129
Latin America & the Caribbean (IDA & IBRD countries),TLA,Gini index,SI.POV.GINI,..
Latin America & the Caribbean (IDA & IBRD countries),TLA,"Unemployment, total (% of total labor force) (modeled ILO estimate)",SL.UEM.TOTL.ZS,10.35545211
Latin America & the Caribbean (IDA & IBRD countries),TLA,GDP per capita (current US$),NY.GDP.PCAP.CD,6964.37111
Latin America & the Caribbean (IDA & IBRD countries),TLA,"Life expectancy at birth, total (years)",SP.DYN.LE00.IN,73.07474936
Latin America & the Caribbean (IDA & IBRD countries),TLA,"School enrollment, tertiary (% gross)",SE.TER.ENRR,54.85066986
Least developed countries: UN classification,LDC,Gini index,SI.POV.GINI,..
Least developed countries: UN classification,LDC,"Unemployment, total (% of total labor force) (modeled ILO estimate)",SL.UEM.TOTL.ZS,5.598427221
Least developed countries: UN classification,LDC,GDP per capita (current US$),NY.GDP.PCAP.CD,1088.721613
Least developed countries: UN classification,LDC,"Life expectancy at birth, total (years)",SP.DYN.LE00.IN,64.83235854
Least developed countries: UN classification,LDC,"School enrollment, tertiary (% gross)",SE.TER.ENRR,10.51793957
Low & middle income,LMY,Gini index,SI.POV.GINI,..
Low & middle income,LMY,"Unemployment, total (% of total labor force) (modeled ILO estimate)",SL.UEM.TOTL.ZS,6.663626903
Low & middle income,LMY,GDP per capita (current US$),NY.GDP.PCAP.CD,4732.827278
Low & middle income,LMY,"Life expectancy at birth, total (years)",SP.DYN.LE00.IN,70.74833333
Low & middle income,LMY,"School enrollment, tertiary (% gross)",SE.TER.ENRR,34.34185028
Low income,LIC,Gini index,SI.POV.GINI,..
Low income,LIC,"Unemployment, total (% of total labor force) (modeled ILO estimate)",SL.UEM.TOTL.ZS,6.200588054
Low income,LIC,GDP per capita (current US$),NY.GDP.PCAP.CD,605.4379068
Low income,LIC,"Life expectancy at birth, total (years)",SP.DYN.LE00.IN,62.8180995
Low income,LIC,"School enrollment, tertiary (% gross)",SE.TER.ENRR,9.19797039
Lower middle income,LMC,Gini index,SI.POV.GINI,..
Lower middle income,LMC,"Unemployment, total (% of total labor force) (modeled ILO estimate)",SL.UEM.TOTL.ZS,6.633705343
Lower middle income,LMC,GDP per capita (current US$),NY.GDP.PCAP.CD,2121.614217
Lower middle income,LMC,"Life expectancy at birth, total (years)",SP.DYN.LE00.IN,68.04035634
Lower middle income,LMC,"School enrollment, tertiary (% gross)",SE.TER.ENRR,23.79044914
"Middle East, North Africa, Afghanistan & Pakistan",MEA,Gini index,SI.POV.GINI,..
"Middle East, North Africa, Afghanistan & Pakistan",MEA,"Unemployment, total (% of total labor force) (modeled ILO estimate)",SL.UEM.TOTL.ZS,9.148193093
"Middle East, North Africa, Afghanistan & Pakistan",MEA,GDP per capita (current US$),NY.GDP.PCAP.CD,4742.764026
"Middle East, North Africa, Afghanistan & Pakistan",MEA,"Life expectancy at birth, total (years)",SP.DYN.LE00.IN,69.91107896
"Middle East, North Africa, Afghanistan & Pakistan",MEA,"School enrollment, tertiary (% gross)",SE.TER.ENRR,28.30518913
"Middle East, North Africa, Afghanistan & Pakistan (excluding high income)",MNA,Gini index,SI.POV.GINI,..
"Middle East, North Africa, Afghanistan & Pakistan (excluding high income)",MNA,"Unemployment, total (% of total labor force) (modeled ILO estimate)",SL.UEM.TOTL.ZS,9.775967231
"Middle East, North Africa, Afghanistan & Pakistan (excluding high income)",MNA,GDP per capita (current US$),NY.GDP.PCAP.CD,2408.497313
"Middle East, North Africa, Afghanistan & Pakistan (excluding high income)",MNA,"Life expectancy at birth, total (years)",SP.DYN.LE00.IN,69.05063429
"Middle East, North Africa, Afghanistan & Pakistan (excluding high income)",MNA,"School enrollment, tertiary (% gross)",SE.TER.ENRR,..
"Middle East, North Africa, Afghanistan & Pakistan (IDA & IBRD)",TMN,Gini index,SI.POV.GINI,..
"Middle East, North Africa, Afghanistan & Pakistan (IDA & IBRD)",TMN,"Unemployment, total (% of total labor force) (modeled ILO estimate)",SL.UEM.TOTL.ZS,9.679540077
"Middle East, North Africa, Afghanistan & Pakistan (IDA & IBRD)",TMN,GDP per capita (current US$),NY.GDP.PCAP.CD,2402.73481
"Middle East, North Africa, Afghanistan & Pakistan (IDA & IBRD)",TMN,"Life expectancy at birth, total (years)",SP.DYN.LE00.IN,69.0090964
"Middle East, North Africa, Afghanistan & Pakistan (IDA & IBRD)",TMN,"School enrollment, tertiary (% gross)",SE.TER.ENRR,..
Middle income,MIC,Gini index,SI.POV.GINI,..
Middle income,MIC,"Unemployment, total (% of total labor force) (modeled ILO estimate)",SL.UEM.TOTL.ZS,6.699939315
Middle income,MIC,GDP per capita (current US$),NY.GDP.PCAP.CD,5134.620079
Middle income,MIC,"Life expectancy at birth, total (years)",SP.DYN.LE00.IN,71.52111648
Middle income,MIC,"School enrollment, tertiary (% gross)",SE.TER.ENRR,37.8911705
North America,NAC,Gini index,SI.POV.GINI,..
North America,NAC,"Unemployment, total (% of total labor force) (modeled ILO estimate)",SL.UEM.TOTL.ZS,8.230599907
North America,NAC,GDP per capita (current US$),NY.GDP.PCAP.CD,61468.33722
North America,NAC,"Life expectancy at birth, total (years)",SP.DYN.LE00.IN,77.44980998
North America,NAC,"School enrollment, tertiary (% gross)",SE.TER.ENRR,86.33540344
Not classified,INX,Gini index,SI.POV.GINI,..
Not classified,INX,"Unemployment, total (% of total labor force) (modeled ILO estimate)",SL.UEM.TOTL.ZS,..
Not classified,INX,GDP per capita (current US$),NY.GDP.PCAP.CD,..
Not classified,INX,"Life expectancy at birth, total (years)",SP.DYN.LE00.IN,..
Not classified,INX,"School enrollment, tertiary (% gross)",SE.TER.ENRR,..
OECD members,OED,Gini index,SI.POV.GINI,..
OECD members,OED,"Unemployment, total (% of total labor force) (modeled ILO estimate)",SL.UEM.TOTL.ZS,7.150065738
OECD members,OED,GDP per capita (current US$),NY.GDP.PCAP.CD,38597.24642
OECD members,OED,"Life expectancy at birth, total (years)",SP.DYN.LE00.IN,78.95800509
OECD members,OED,"School enrollment, tertiary (% gross)",SE.TER.ENRR,77.27008057
Other small states,OSS,Gini index,SI.POV.GINI,..
Other small states,OSS,"Unemployment, total (% of total labor force) (modeled ILO estimate)",SL.UEM.TOTL.ZS,9.995756484
Other small states,OSS,GDP per capita (current US$),NY.GDP.PCAP.CD,11770.45641
Other small states,OSS,"Life expectancy at birth, total (years)",SP.DYN.LE00.IN,72.50970978
Other small states,OSS,"School enrollment, tertiary (% gross)",SE.TER.ENRR,21.61713028
Pacific island small states,PSS,Gini index,SI.POV.GINI,..
Pacific island small states,PSS,"Unemployment, total (% of total labor force) (modeled ILO estimate)",SL.UEM.TOTL.ZS,3.306556605
Pacific island small states,PSS,GDP per capita (current US$),NY.GDP.PCAP.CD,3592.041105
Pacific island small states,PSS,"Life expectancy at birth, total (years)",SP.DYN.LE00.IN,68.35681088
Pacific island small states,PSS,"School enrollment, tertiary (% gross)",SE.TER.ENRR,23.89096069
Post-demographic dividend,PST,Gini index,SI.POV.GINI,..
Post-demographic dividend,PST,"Unemployment, total (% of total labor force) (modeled ILO estimate)",SL.UEM.TOTL.ZS,6.725477083
Post-demographic dividend,PST,GDP per capita (current US$),NY.GDP.PCAP.CD,44743.73893
Post-demographic dividend,PST,"Life expectancy at birth, total (years)",SP.DYN.LE00.IN,80.06587917
Post-demographic dividend,PST,"School enrollment, tertiary (% gross)",SE.TER.ENRR,80.10408783
Pre-demographic dividend,PRE,Gini index,SI.POV.GINI,..
Pre-demographic dividend,PRE,"Unemployment, total (% of total labor force) (modeled ILO estimate)",SL.UEM.TOTL.ZS,5.887923602
Pre-demographic dividend,PRE,GDP per capita (current US$),NY.GDP.PCAP.CD,1496.337675
Pre-demographic dividend,PRE,"Life expectancy at birth, total (years)",SP.DYN.LE00.IN,60.501207
Pre-demographic dividend,PRE,"School enrollment, tertiary (% gross)",SE.TER.ENRR,8.608670235
Small states,SST,Gini index,SI.POV.GINI,..
Small states,SST,"Unemployment, total (% of total labor force) (modeled ILO estimate)",SL.UEM.TOTL.ZS,9.204994205
Small states,SST,GDP per capita (current US$),NY.GDP.PCAP.CD,10723.0939
Small states,SST,"Life expectancy at birth, total (years)",SP.DYN.LE00.IN,71.82555528
Small states,SST,"School enrollment, tertiary (% gross)",SE.TER.ENRR,21.86768913
South Asia,SAS,Gini index,SI.POV.GINI,..
South Asia,SAS,"Unemployment, total (% of total labor force) (modeled ILO estimate)",SL.UEM.TOTL.ZS,7.625611752
South Asia,SAS,GDP per capita (current US$),NY.GDP.PCAP.CD,1957.203437
South Asia,SAS,"Life expectancy at birth, total (years)",SP.DYN.LE00.IN,70.3622207
South Asia,SAS,"School enrollment, tertiary (% gross)",SE.TER.ENRR,28.21940994
South Asia (IDA & IBRD),TSA,Gini index,SI.POV.GINI,..
South Asia (IDA & IBRD),TSA,"Unemployment, total (% of total labor force) (modeled ILO estimate)",SL.UEM.TOTL.ZS,7.625611752
South Asia (IDA & IBRD),TSA,GDP per capita (current US$),NY.GDP.PCAP.CD,1957.203437
South Asia (IDA & IBRD),TSA,"Life expectancy at birth, total (years)",SP.DYN.LE00.IN,70.3622207
South Asia (IDA & IBRD),TSA,"School enrollment, tertiary (% gross)",SE.TER.ENRR,28.21940994
Sub-Saharan Africa,SSF,Gini index,SI.POV.GINI,..
Sub-Saharan Africa,SSF,"Unemployment, total (% of total labor force) (modeled ILO estimate)",SL.UEM.TOTL.ZS,6.649632265
Sub-Saharan Africa,SSF,GDP per capita (current US$),NY.GDP.PCAP.CD,1627.345696
Sub-Saharan Africa,SSF,"Life expectancy at birth, total (years)",SP.DYN.LE00.IN,61.16752708
Sub-Saharan Africa,SSF,"School enrollment, tertiary (% gross)",SE.TER.ENRR,9.197910309
Sub-Saharan Africa (excluding high income),SSA,Gini index,SI.POV.GINI,..
Sub-Saharan Africa (excluding high income),SSA,"Unemployment, total (% of total labor force) (modeled ILO estimate)",SL.UEM.TOTL.ZS,6.966627863
Sub-Saharan Africa (excluding high income),SSA,GDP per capita (current US$),NY.GDP.PCAP.CD,1716.508639
Sub-Saharan Africa (excluding high income),SSA,"Life expectancy at birth, total (years)",SP.DYN.LE00.IN,60.62222943
Sub-Saharan Africa (excluding high income),SSA,"School enrollment, tertiary (% gross)",SE.TER.ENRR,9.197790146
Sub-Saharan Africa (IDA & IBRD countries),TSS,Gini index,SI.POV.GINI,..
Sub-Saharan Africa (IDA & IBRD countries),TSS,"Unemployment, total (% of total labor force) (modeled ILO estimate)",SL.UEM.TOTL.ZS,6.649632265
Sub-Saharan Africa (IDA & IBRD countries),TSS,GDP per capita (current US$),NY.GDP.PCAP.CD,1627.345696
Sub-Saharan Africa (IDA & IBRD countries),TSS,"Life expectancy at birth, total (years)",SP.DYN.LE00.IN,61.16752708
Sub-Saharan Africa (IDA & IBRD countries),TSS,"School enrollment, tertiary (% gross)",SE.TER.ENRR,9.197910309
Upper middle income,UMC,Gini index,SI.POV.GINI,..
Upper middle income,UMC,"Unemployment, total (% of total labor force) (modeled ILO estimate)",SL.UEM.TOTL.ZS,6.755567404
Upper middle income,UMC,GDP per capita (current US$),NY.GDP.PCAP.CD,8346.187277
Upper middle income,UMC,"Life expectancy at birth, total (years)",SP.DYN.LE00.IN,75.23126363
Upper middle income,UMC,"School enrollment, tertiary (% gross)",SE.TER.ENRR,56.0216713
World,WLD,Gini index,SI.POV.GINI,..
World,WLD,"Unemployment, total (% of total labor force) (modeled ILO estimate)",SL.UEM.TOTL.ZS,6.587314497
World,WLD,GDP per capita (current US$),NY.GDP.PCAP.CD,10937.68462
World,WLD,"Life expectancy at birth, total (years)",SP.DYN.LE00.IN,72.1819792
World,WLD,"School enrollment, tertiary (% gross)",SE.TER.ENRR,39.70740891
,,,,
,,,,
,,,,
Data from database: World Development Indicators,,,,
Last Updated: 02/24/2026,,,,
